product_pid,transaction_date,apply_amt_pred,redeem_amt_pred,net_in_amt_pred
product1,20221110,0,0,0
product1,20221111,0,0,0
product1,20221114,0,0,0
product1,20221115,0,0,0
product1,20221116,0,0,0
product1,20221117,0,0,0
product1,20221118,0,0,0
product1,20221121,0,0,0
product1,20221122,0,0,0
product1,20221123,0,0,0
product100,20221110,0,0,0
product100,20221111,0,0,0
product100,20221114,0,0,0
product100,20221115,0,0,0
product100,20221116,0,0,0
product100,20221117,0,0,0
product100,20221118,0,0,0
product100,20221121,0,0,0
product100,20221122,0,0,0
product100,20221123,0,0,0
product101,20221110,0,0,0
product101,20221111,0,0,0
product101,20221114,0,0,0
product101,20221115,0,0,0
product101,20221116,0,0,0
product101,20221117,0,0,0
product101,20221118,0,0,0
product101,20221121,0,0,0
product101,20221122,0,0,0
product101,20221123,0,0,0
product102,20221110,0,0,0
product102,20221111,0,0,0
product102,20221114,0,0,0
product102,20221115,0,0,0
product102,20221116,0,0,0
product102,20221117,0,0,0
product102,20221118,0,0,0
product102,20221121,0,0,0
product102,20221122,0,0,0
product102,20221123,0,0,0
product103,20221110,0,0,0
product103,20221111,0,0,0
product103,20221114,0,0,0
product103,20221115,0,0,0
product103,20221116,0,0,0
product103,20221117,0,0,0
product103,20221118,0,0,0
product103,20221121,0,0,0
product103,20221122,0,0,0
product103,20221123,0,0,0
product104,20221110,0,0,0
product104,20221111,0,0,0
product104,20221114,0,0,0
product104,20221115,0,0,0
product104,20221116,0,0,0
product104,20221117,0,0,0
product104,20221118,0,0,0
product104,20221121,0,0,0
product104,20221122,0,0,0
product104,20221123,0,0,0
product105,20221110,0,0,0
product105,20221111,0,0,0
product105,20221114,0,0,0
product105,20221115,0,0,0
product105,20221116,0,0,0
product105,20221117,0,0,0
product105,20221118,0,0,0
product105,20221121,0,0,0
product105,20221122,0,0,0
product105,20221123,0,0,0
product106,20221110,0,0,0
product106,20221111,0,0,0
product106,20221114,0,0,0
product106,20221115,0,0,0
product106,20221116,0,0,0
product106,20221117,0,0,0
product106,20221118,0,0,0
product106,20221121,0,0,0
product106,20221122,0,0,0
product106,20221123,0,0,0
product107,20221110,0,0,0
product107,20221111,0,0,0
product107,20221114,0,0,0
product107,20221115,0,0,0
product107,20221116,0,0,0
product107,20221117,0,0,0
product107,20221118,0,0,0
product107,20221121,0,0,0
product107,20221122,0,0,0
product107,20221123,0,0,0
product108,20221110,0,0,0
product108,20221111,0,0,0
product108,20221114,0,0,0
product108,20221115,0,0,0
product108,20221116,0,0,0
product108,20221117,0,0,0
product108,20221118,0,0,0
product108,20221121,0,0,0
product108,20221122,0,0,0
product108,20221123,0,0,0
product109,20221110,0,0,0
product109,20221111,0,0,0
product109,20221114,0,0,0
product109,20221115,0,0,0
product109,20221116,0,0,0
product109,20221117,0,0,0
product109,20221118,0,0,0
product109,20221121,0,0,0
product109,20221122,0,0,0
product109,20221123,0,0,0
product110,20221110,0,0,0
product110,20221111,0,0,0
product110,20221114,0,0,0
product110,20221115,0,0,0
product110,20221116,0,0,0
product110,20221117,0,0,0
product110,20221118,0,0,0
product110,20221121,0,0,0
product110,20221122,0,0,0
product110,20221123,0,0,0
product111,20221110,0,0,0
product111,20221111,0,0,0
product111,20221114,0,0,0
product111,20221115,0,0,0
product111,20221116,0,0,0
product111,20221117,0,0,0
product111,20221118,0,0,0
product111,20221121,0,0,0
product111,20221122,0,0,0
product111,20221123,0,0,0
product112,20221110,0,0,0
product112,20221111,0,0,0
product112,20221114,0,0,0
product112,20221115,0,0,0
product112,20221116,0,0,0
product112,20221117,0,0,0
product112,20221118,0,0,0
product112,20221121,0,0,0
product112,20221122,0,0,0
product112,20221123,0,0,0
product113,20221110,0,0,0
product113,20221111,0,0,0
product113,20221114,0,0,0
product113,20221115,0,0,0
product113,20221116,0,0,0
product113,20221117,0,0,0
product113,20221118,0,0,0
product113,20221121,0,0,0
product113,20221122,0,0,0
product113,20221123,0,0,0
product114,20221110,0,0,0
product114,20221111,0,0,0
product114,20221114,0,0,0
product114,20221115,0,0,0
product114,20221116,0,0,0
product114,20221117,0,0,0
product114,20221118,0,0,0
product114,20221121,0,0,0
product114,20221122,0,0,0
product114,20221123,0,0,0
product115,20221110,0,0,0
product115,20221111,0,0,0
product115,20221114,0,0,0
product115,20221115,0,0,0
product115,20221116,0,0,0
product115,20221117,0,0,0
product115,20221118,0,0,0
product115,20221121,0,0,0
product115,20221122,0,0,0
product115,20221123,0,0,0
product116,20221110,0,0,0
product116,20221111,0,0,0
product116,20221114,0,0,0
product116,20221115,0,0,0
product116,20221116,0,0,0
product116,20221117,0,0,0
product116,20221118,0,0,0
product116,20221121,0,0,0
product116,20221122,0,0,0
product116,20221123,0,0,0
product117,20221110,0,0,0
product117,20221111,0,0,0
product117,20221114,0,0,0
product117,20221115,0,0,0
product117,20221116,0,0,0
product117,20221117,0,0,0
product117,20221118,0,0,0
product117,20221121,0,0,0
product117,20221122,0,0,0
product117,20221123,0,0,0
product118,20221110,0,0,0
product118,20221111,0,0,0
product118,20221114,0,0,0
product118,20221115,0,0,0
product118,20221116,0,0,0
product118,20221117,0,0,0
product118,20221118,0,0,0
product118,20221121,0,0,0
product118,20221122,0,0,0
product118,20221123,0,0,0
product119,20221110,0,0,0
product119,20221111,0,0,0
product119,20221114,0,0,0
product119,20221115,0,0,0
product119,20221116,0,0,0
product119,20221117,0,0,0
product119,20221118,0,0,0
product119,20221121,0,0,0
product119,20221122,0,0,0
product119,20221123,0,0,0
product12,20221110,0,0,0
product12,20221111,0,0,0
product12,20221114,0,0,0
product12,20221115,0,0,0
product12,20221116,0,0,0
product12,20221117,0,0,0
product12,20221118,0,0,0
product12,20221121,0,0,0
product12,20221122,0,0,0
product12,20221123,0,0,0
product120,20221110,0,0,0
product120,20221111,0,0,0
product120,20221114,0,0,0
product120,20221115,0,0,0
product120,20221116,0,0,0
product120,20221117,0,0,0
product120,20221118,0,0,0
product120,20221121,0,0,0
product120,20221122,0,0,0
product120,20221123,0,0,0
product121,20221110,0,0,0
product121,20221111,0,0,0
product121,20221114,0,0,0
product121,20221115,0,0,0
product121,20221116,0,0,0
product121,20221117,0,0,0
product121,20221118,0,0,0
product121,20221121,0,0,0
product121,20221122,0,0,0
product121,20221123,0,0,0
product122,20221110,0,0,0
product122,20221111,0,0,0
product122,20221114,0,0,0
product122,20221115,0,0,0
product122,20221116,0,0,0
product122,20221117,0,0,0
product122,20221118,0,0,0
product122,20221121,0,0,0
product122,20221122,0,0,0
product122,20221123,0,0,0
product123,20221110,0,0,0
product123,20221111,0,0,0
product123,20221114,0,0,0
product123,20221115,0,0,0
product123,20221116,0,0,0
product123,20221117,0,0,0
product123,20221118,0,0,0
product123,20221121,0,0,0
product123,20221122,0,0,0
product123,20221123,0,0,0
product124,20221110,0,0,0
product124,20221111,0,0,0
product124,20221114,0,0,0
product124,20221115,0,0,0
product124,20221116,0,0,0
product124,20221117,0,0,0
product124,20221118,0,0,0
product124,20221121,0,0,0
product124,20221122,0,0,0
product124,20221123,0,0,0
product125,20221110,0,0,0
product125,20221111,0,0,0
product125,20221114,0,0,0
product125,20221115,0,0,0
product125,20221116,0,0,0
product125,20221117,0,0,0
product125,20221118,0,0,0
product125,20221121,0,0,0
product125,20221122,0,0,0
product125,20221123,0,0,0
product126,20221110,0,0,0
product126,20221111,0,0,0
product126,20221114,0,0,0
product126,20221115,0,0,0
product126,20221116,0,0,0
product126,20221117,0,0,0
product126,20221118,0,0,0
product126,20221121,0,0,0
product126,20221122,0,0,0
product126,20221123,0,0,0
product128,20221110,0,0,0
product128,20221111,0,0,0
product128,20221114,0,0,0
product128,20221115,0,0,0
product128,20221116,0,0,0
product128,20221117,0,0,0
product128,20221118,0,0,0
product128,20221121,0,0,0
product128,20221122,0,0,0
product128,20221123,0,0,0
product129,20221110,0,0,0
product129,20221111,0,0,0
product129,20221114,0,0,0
product129,20221115,0,0,0
product129,20221116,0,0,0
product129,20221117,0,0,0
product129,20221118,0,0,0
product129,20221121,0,0,0
product129,20221122,0,0,0
product129,20221123,0,0,0
product13,20221110,0,0,0
product13,20221111,0,0,0
product13,20221114,0,0,0
product13,20221115,0,0,0
product13,20221116,0,0,0
product13,20221117,0,0,0
product13,20221118,0,0,0
product13,20221121,0,0,0
product13,20221122,0,0,0
product13,20221123,0,0,0
product130,20221110,0,0,0
product130,20221111,0,0,0
product130,20221114,0,0,0
product130,20221115,0,0,0
product130,20221116,0,0,0
product130,20221117,0,0,0
product130,20221118,0,0,0
product130,20221121,0,0,0
product130,20221122,0,0,0
product130,20221123,0,0,0
product131,20221110,0,0,0
product131,20221111,0,0,0
product131,20221114,0,0,0
product131,20221115,0,0,0
product131,20221116,0,0,0
product131,20221117,0,0,0
product131,20221118,0,0,0
product131,20221121,0,0,0
product131,20221122,0,0,0
product131,20221123,0,0,0
product132,20221110,0,0,0
product132,20221111,0,0,0
product132,20221114,0,0,0
product132,20221115,0,0,0
product132,20221116,0,0,0
product132,20221117,0,0,0
product132,20221118,0,0,0
product132,20221121,0,0,0
product132,20221122,0,0,0
product132,20221123,0,0,0
product133,20221110,0,0,0
product133,20221111,0,0,0
product133,20221114,0,0,0
product133,20221115,0,0,0
product133,20221116,0,0,0
product133,20221117,0,0,0
product133,20221118,0,0,0
product133,20221121,0,0,0
product133,20221122,0,0,0
product133,20221123,0,0,0
product134,20221110,0,0,0
product134,20221111,0,0,0
product134,20221114,0,0,0
product134,20221115,0,0,0
product134,20221116,0,0,0
product134,20221117,0,0,0
product134,20221118,0,0,0
product134,20221121,0,0,0
product134,20221122,0,0,0
product134,20221123,0,0,0
product135,20221110,0,0,0
product135,20221111,0,0,0
product135,20221114,0,0,0
product135,20221115,0,0,0
product135,20221116,0,0,0
product135,20221117,0,0,0
product135,20221118,0,0,0
product135,20221121,0,0,0
product135,20221122,0,0,0
product135,20221123,0,0,0
product136,20221110,0,0,0
product136,20221111,0,0,0
product136,20221114,0,0,0
product136,20221115,0,0,0
product136,20221116,0,0,0
product136,20221117,0,0,0
product136,20221118,0,0,0
product136,20221121,0,0,0
product136,20221122,0,0,0
product136,20221123,0,0,0
product137,20221110,0,0,0
product137,20221111,0,0,0
product137,20221114,0,0,0
product137,20221115,0,0,0
product137,20221116,0,0,0
product137,20221117,0,0,0
product137,20221118,0,0,0
product137,20221121,0,0,0
product137,20221122,0,0,0
product137,20221123,0,0,0
product138,20221110,0,0,0
product138,20221111,0,0,0
product138,20221114,0,0,0
product138,20221115,0,0,0
product138,20221116,0,0,0
product138,20221117,0,0,0
product138,20221118,0,0,0
product138,20221121,0,0,0
product138,20221122,0,0,0
product138,20221123,0,0,0
product14,20221110,0,0,0
product14,20221111,0,0,0
product14,20221114,0,0,0
product14,20221115,0,0,0
product14,20221116,0,0,0
product14,20221117,0,0,0
product14,20221118,0,0,0
product14,20221121,0,0,0
product14,20221122,0,0,0
product14,20221123,0,0,0
product140,20221110,0,0,0
product140,20221111,0,0,0
product140,20221114,0,0,0
product140,20221115,0,0,0
product140,20221116,0,0,0
product140,20221117,0,0,0
product140,20221118,0,0,0
product140,20221121,0,0,0
product140,20221122,0,0,0
product140,20221123,0,0,0
product141,20221110,0,0,0
product141,20221111,0,0,0
product141,20221114,0,0,0
product141,20221115,0,0,0
product141,20221116,0,0,0
product141,20221117,0,0,0
product141,20221118,0,0,0
product141,20221121,0,0,0
product141,20221122,0,0,0
product141,20221123,0,0,0
product142,20221110,0,0,0
product142,20221111,0,0,0
product142,20221114,0,0,0
product142,20221115,0,0,0
product142,20221116,0,0,0
product142,20221117,0,0,0
product142,20221118,0,0,0
product142,20221121,0,0,0
product142,20221122,0,0,0
product142,20221123,0,0,0
product143,20221110,0,0,0
product143,20221111,0,0,0
product143,20221114,0,0,0
product143,20221115,0,0,0
product143,20221116,0,0,0
product143,20221117,0,0,0
product143,20221118,0,0,0
product143,20221121,0,0,0
product143,20221122,0,0,0
product143,20221123,0,0,0
product144,20221110,0,0,0
product144,20221111,0,0,0
product144,20221114,0,0,0
product144,20221115,0,0,0
product144,20221116,0,0,0
product144,20221117,0,0,0
product144,20221118,0,0,0
product144,20221121,0,0,0
product144,20221122,0,0,0
product144,20221123,0,0,0
product145,20221110,0,0,0
product145,20221111,0,0,0
product145,20221114,0,0,0
product145,20221115,0,0,0
product145,20221116,0,0,0
product145,20221117,0,0,0
product145,20221118,0,0,0
product145,20221121,0,0,0
product145,20221122,0,0,0
product145,20221123,0,0,0
product146,20221110,0,0,0
product146,20221111,0,0,0
product146,20221114,0,0,0
product146,20221115,0,0,0
product146,20221116,0,0,0
product146,20221117,0,0,0
product146,20221118,0,0,0
product146,20221121,0,0,0
product146,20221122,0,0,0
product146,20221123,0,0,0
product147,20221110,0,0,0
product147,20221111,0,0,0
product147,20221114,0,0,0
product147,20221115,0,0,0
product147,20221116,0,0,0
product147,20221117,0,0,0
product147,20221118,0,0,0
product147,20221121,0,0,0
product147,20221122,0,0,0
product147,20221123,0,0,0
product148,20221110,0,0,0
product148,20221111,0,0,0
product148,20221114,0,0,0
product148,20221115,0,0,0
product148,20221116,0,0,0
product148,20221117,0,0,0
product148,20221118,0,0,0
product148,20221121,0,0,0
product148,20221122,0,0,0
product148,20221123,0,0,0
product149,20221110,0,0,0
product149,20221111,0,0,0
product149,20221114,0,0,0
product149,20221115,0,0,0
product149,20221116,0,0,0
product149,20221117,0,0,0
product149,20221118,0,0,0
product149,20221121,0,0,0
product149,20221122,0,0,0
product149,20221123,0,0,0
product15,20221110,0,0,0
product15,20221111,0,0,0
product15,20221114,0,0,0
product15,20221115,0,0,0
product15,20221116,0,0,0
product15,20221117,0,0,0
product15,20221118,0,0,0
product15,20221121,0,0,0
product15,20221122,0,0,0
product15,20221123,0,0,0
product150,20221110,0,0,0
product150,20221111,0,0,0
product150,20221114,0,0,0
product150,20221115,0,0,0
product150,20221116,0,0,0
product150,20221117,0,0,0
product150,20221118,0,0,0
product150,20221121,0,0,0
product150,20221122,0,0,0
product150,20221123,0,0,0
product151,20221110,0,0,0
product151,20221111,0,0,0
product151,20221114,0,0,0
product151,20221115,0,0,0
product151,20221116,0,0,0
product151,20221117,0,0,0
product151,20221118,0,0,0
product151,20221121,0,0,0
product151,20221122,0,0,0
product151,20221123,0,0,0
product152,20221110,0,0,0
product152,20221111,0,0,0
product152,20221114,0,0,0
product152,20221115,0,0,0
product152,20221116,0,0,0
product152,20221117,0,0,0
product152,20221118,0,0,0
product152,20221121,0,0,0
product152,20221122,0,0,0
product152,20221123,0,0,0
product153,20221110,0,0,0
product153,20221111,0,0,0
product153,20221114,0,0,0
product153,20221115,0,0,0
product153,20221116,0,0,0
product153,20221117,0,0,0
product153,20221118,0,0,0
product153,20221121,0,0,0
product153,20221122,0,0,0
product153,20221123,0,0,0
product155,20221110,0,0,0
product155,20221111,0,0,0
product155,20221114,0,0,0
product155,20221115,0,0,0
product155,20221116,0,0,0
product155,20221117,0,0,0
product155,20221118,0,0,0
product155,20221121,0,0,0
product155,20221122,0,0,0
product155,20221123,0,0,0
product156,20221110,0,0,0
product156,20221111,0,0,0
product156,20221114,0,0,0
product156,20221115,0,0,0
product156,20221116,0,0,0
product156,20221117,0,0,0
product156,20221118,0,0,0
product156,20221121,0,0,0
product156,20221122,0,0,0
product156,20221123,0,0,0
product157,20221110,0,0,0
product157,20221111,0,0,0
product157,20221114,0,0,0
product157,20221115,0,0,0
product157,20221116,0,0,0
product157,20221117,0,0,0
product157,20221118,0,0,0
product157,20221121,0,0,0
product157,20221122,0,0,0
product157,20221123,0,0,0
product16,20221110,0,0,0
product16,20221111,0,0,0
product16,20221114,0,0,0
product16,20221115,0,0,0
product16,20221116,0,0,0
product16,20221117,0,0,0
product16,20221118,0,0,0
product16,20221121,0,0,0
product16,20221122,0,0,0
product16,20221123,0,0,0
product17,20221110,0,0,0
product17,20221111,0,0,0
product17,20221114,0,0,0
product17,20221115,0,0,0
product17,20221116,0,0,0
product17,20221117,0,0,0
product17,20221118,0,0,0
product17,20221121,0,0,0
product17,20221122,0,0,0
product17,20221123,0,0,0
product19,20221110,0,0,0
product19,20221111,0,0,0
product19,20221114,0,0,0
product19,20221115,0,0,0
product19,20221116,0,0,0
product19,20221117,0,0,0
product19,20221118,0,0,0
product19,20221121,0,0,0
product19,20221122,0,0,0
product19,20221123,0,0,0
product2,20221110,0,0,0
product2,20221111,0,0,0
product2,20221114,0,0,0
product2,20221115,0,0,0
product2,20221116,0,0,0
product2,20221117,0,0,0
product2,20221118,0,0,0
product2,20221121,0,0,0
product2,20221122,0,0,0
product2,20221123,0,0,0
product20,20221110,0,0,0
product20,20221111,0,0,0
product20,20221114,0,0,0
product20,20221115,0,0,0
product20,20221116,0,0,0
product20,20221117,0,0,0
product20,20221118,0,0,0
product20,20221121,0,0,0
product20,20221122,0,0,0
product20,20221123,0,0,0
product24,20221110,0,0,0
product24,20221111,0,0,0
product24,20221114,0,0,0
product24,20221115,0,0,0
product24,20221116,0,0,0
product24,20221117,0,0,0
product24,20221118,0,0,0
product24,20221121,0,0,0
product24,20221122,0,0,0
product24,20221123,0,0,0
product26,20221110,0,0,0
product26,20221111,0,0,0
product26,20221114,0,0,0
product26,20221115,0,0,0
product26,20221116,0,0,0
product26,20221117,0,0,0
product26,20221118,0,0,0
product26,20221121,0,0,0
product26,20221122,0,0,0
product26,20221123,0,0,0
product27,20221110,0,0,0
product27,20221111,0,0,0
product27,20221114,0,0,0
product27,20221115,0,0,0
product27,20221116,0,0,0
product27,20221117,0,0,0
product27,20221118,0,0,0
product27,20221121,0,0,0
product27,20221122,0,0,0
product27,20221123,0,0,0
product28,20221110,0,0,0
product28,20221111,0,0,0
product28,20221114,0,0,0
product28,20221115,0,0,0
product28,20221116,0,0,0
product28,20221117,0,0,0
product28,20221118,0,0,0
product28,20221121,0,0,0
product28,20221122,0,0,0
product28,20221123,0,0,0
product29,20221110,0,0,0
product29,20221111,0,0,0
product29,20221114,0,0,0
product29,20221115,0,0,0
product29,20221116,0,0,0
product29,20221117,0,0,0
product29,20221118,0,0,0
product29,20221121,0,0,0
product29,20221122,0,0,0
product29,20221123,0,0,0
product3,20221110,0,0,0
product3,20221111,0,0,0
product3,20221114,0,0,0
product3,20221115,0,0,0
product3,20221116,0,0,0
product3,20221117,0,0,0
product3,20221118,0,0,0
product3,20221121,0,0,0
product3,20221122,0,0,0
product3,20221123,0,0,0
product30,20221110,0,0,0
product30,20221111,0,0,0
product30,20221114,0,0,0
product30,20221115,0,0,0
product30,20221116,0,0,0
product30,20221117,0,0,0
product30,20221118,0,0,0
product30,20221121,0,0,0
product30,20221122,0,0,0
product30,20221123,0,0,0
product31,20221110,0,0,0
product31,20221111,0,0,0
product31,20221114,0,0,0
product31,20221115,0,0,0
product31,20221116,0,0,0
product31,20221117,0,0,0
product31,20221118,0,0,0
product31,20221121,0,0,0
product31,20221122,0,0,0
product31,20221123,0,0,0
product32,20221110,0,0,0
product32,20221111,0,0,0
product32,20221114,0,0,0
product32,20221115,0,0,0
product32,20221116,0,0,0
product32,20221117,0,0,0
product32,20221118,0,0,0
product32,20221121,0,0,0
product32,20221122,0,0,0
product32,20221123,0,0,0
product33,20221110,0,0,0
product33,20221111,0,0,0
product33,20221114,0,0,0
product33,20221115,0,0,0
product33,20221116,0,0,0
product33,20221117,0,0,0
product33,20221118,0,0,0
product33,20221121,0,0,0
product33,20221122,0,0,0
product33,20221123,0,0,0
product34,20221110,0,0,0
product34,20221111,0,0,0
product34,20221114,0,0,0
product34,20221115,0,0,0
product34,20221116,0,0,0
product34,20221117,0,0,0
product34,20221118,0,0,0
product34,20221121,0,0,0
product34,20221122,0,0,0
product34,20221123,0,0,0
product35,20221110,0,0,0
product35,20221111,0,0,0
product35,20221114,0,0,0
product35,20221115,0,0,0
product35,20221116,0,0,0
product35,20221117,0,0,0
product35,20221118,0,0,0
product35,20221121,0,0,0
product35,20221122,0,0,0
product35,20221123,0,0,0
product37,20221110,0,0,0
product37,20221111,0,0,0
product37,20221114,0,0,0
product37,20221115,0,0,0
product37,20221116,0,0,0
product37,20221117,0,0,0
product37,20221118,0,0,0
product37,20221121,0,0,0
product37,20221122,0,0,0
product37,20221123,0,0,0
product38,20221110,0,0,0
product38,20221111,0,0,0
product38,20221114,0,0,0
product38,20221115,0,0,0
product38,20221116,0,0,0
product38,20221117,0,0,0
product38,20221118,0,0,0
product38,20221121,0,0,0
product38,20221122,0,0,0
product38,20221123,0,0,0
product39,20221110,0,0,0
product39,20221111,0,0,0
product39,20221114,0,0,0
product39,20221115,0,0,0
product39,20221116,0,0,0
product39,20221117,0,0,0
product39,20221118,0,0,0
product39,20221121,0,0,0
product39,20221122,0,0,0
product39,20221123,0,0,0
product40,20221110,0,0,0
product40,20221111,0,0,0
product40,20221114,0,0,0
product40,20221115,0,0,0
product40,20221116,0,0,0
product40,20221117,0,0,0
product40,20221118,0,0,0
product40,20221121,0,0,0
product40,20221122,0,0,0
product40,20221123,0,0,0
product41,20221110,0,0,0
product41,20221111,0,0,0
product41,20221114,0,0,0
product41,20221115,0,0,0
product41,20221116,0,0,0
product41,20221117,0,0,0
product41,20221118,0,0,0
product41,20221121,0,0,0
product41,20221122,0,0,0
product41,20221123,0,0,0
product42,20221110,0,0,0
product42,20221111,0,0,0
product42,20221114,0,0,0
product42,20221115,0,0,0
product42,20221116,0,0,0
product42,20221117,0,0,0
product42,20221118,0,0,0
product42,20221121,0,0,0
product42,20221122,0,0,0
product42,20221123,0,0,0
product43,20221110,0,0,0
product43,20221111,0,0,0
product43,20221114,0,0,0
product43,20221115,0,0,0
product43,20221116,0,0,0
product43,20221117,0,0,0
product43,20221118,0,0,0
product43,20221121,0,0,0
product43,20221122,0,0,0
product43,20221123,0,0,0
product45,20221110,0,0,0
product45,20221111,0,0,0
product45,20221114,0,0,0
product45,20221115,0,0,0
product45,20221116,0,0,0
product45,20221117,0,0,0
product45,20221118,0,0,0
product45,20221121,0,0,0
product45,20221122,0,0,0
product45,20221123,0,0,0
product46,20221110,0,0,0
product46,20221111,0,0,0
product46,20221114,0,0,0
product46,20221115,0,0,0
product46,20221116,0,0,0
product46,20221117,0,0,0
product46,20221118,0,0,0
product46,20221121,0,0,0
product46,20221122,0,0,0
product46,20221123,0,0,0
product47,20221110,0,0,0
product47,20221111,0,0,0
product47,20221114,0,0,0
product47,20221115,0,0,0
product47,20221116,0,0,0
product47,20221117,0,0,0
product47,20221118,0,0,0
product47,20221121,0,0,0
product47,20221122,0,0,0
product47,20221123,0,0,0
product48,20221110,0,0,0
product48,20221111,0,0,0
product48,20221114,0,0,0
product48,20221115,0,0,0
product48,20221116,0,0,0
product48,20221117,0,0,0
product48,20221118,0,0,0
product48,20221121,0,0,0
product48,20221122,0,0,0
product48,20221123,0,0,0
product49,20221110,0,0,0
product49,20221111,0,0,0
product49,20221114,0,0,0
product49,20221115,0,0,0
product49,20221116,0,0,0
product49,20221117,0,0,0
product49,20221118,0,0,0
product49,20221121,0,0,0
product49,20221122,0,0,0
product49,20221123,0,0,0
product50,20221110,0,0,0
product50,20221111,0,0,0
product50,20221114,0,0,0
product50,20221115,0,0,0
product50,20221116,0,0,0
product50,20221117,0,0,0
product50,20221118,0,0,0
product50,20221121,0,0,0
product50,20221122,0,0,0
product50,20221123,0,0,0
product51,20221110,0,0,0
product51,20221111,0,0,0
product51,20221114,0,0,0
product51,20221115,0,0,0
product51,20221116,0,0,0
product51,20221117,0,0,0
product51,20221118,0,0,0
product51,20221121,0,0,0
product51,20221122,0,0,0
product51,20221123,0,0,0
product52,20221110,0,0,0
product52,20221111,0,0,0
product52,20221114,0,0,0
product52,20221115,0,0,0
product52,20221116,0,0,0
product52,20221117,0,0,0
product52,20221118,0,0,0
product52,20221121,0,0,0
product52,20221122,0,0,0
product52,20221123,0,0,0
product53,20221110,0,0,0
product53,20221111,0,0,0
product53,20221114,0,0,0
product53,20221115,0,0,0
product53,20221116,0,0,0
product53,20221117,0,0,0
product53,20221118,0,0,0
product53,20221121,0,0,0
product53,20221122,0,0,0
product53,20221123,0,0,0
product54,20221110,0,0,0
product54,20221111,0,0,0
product54,20221114,0,0,0
product54,20221115,0,0,0
product54,20221116,0,0,0
product54,20221117,0,0,0
product54,20221118,0,0,0
product54,20221121,0,0,0
product54,20221122,0,0,0
product54,20221123,0,0,0
product55,20221110,0,0,0
product55,20221111,0,0,0
product55,20221114,0,0,0
product55,20221115,0,0,0
product55,20221116,0,0,0
product55,20221117,0,0,0
product55,20221118,0,0,0
product55,20221121,0,0,0
product55,20221122,0,0,0
product55,20221123,0,0,0
product56,20221110,0,0,0
product56,20221111,0,0,0
product56,20221114,0,0,0
product56,20221115,0,0,0
product56,20221116,0,0,0
product56,20221117,0,0,0
product56,20221118,0,0,0
product56,20221121,0,0,0
product56,20221122,0,0,0
product56,20221123,0,0,0
product57,20221110,0,0,0
product57,20221111,0,0,0
product57,20221114,0,0,0
product57,20221115,0,0,0
product57,20221116,0,0,0
product57,20221117,0,0,0
product57,20221118,0,0,0
product57,20221121,0,0,0
product57,20221122,0,0,0
product57,20221123,0,0,0
product58,20221110,0,0,0
product58,20221111,0,0,0
product58,20221114,0,0,0
product58,20221115,0,0,0
product58,20221116,0,0,0
product58,20221117,0,0,0
product58,20221118,0,0,0
product58,20221121,0,0,0
product58,20221122,0,0,0
product58,20221123,0,0,0
product59,20221110,0,0,0
product59,20221111,0,0,0
product59,20221114,0,0,0
product59,20221115,0,0,0
product59,20221116,0,0,0
product59,20221117,0,0,0
product59,20221118,0,0,0
product59,20221121,0,0,0
product59,20221122,0,0,0
product59,20221123,0,0,0
product6,20221110,0,0,0
product6,20221111,0,0,0
product6,20221114,0,0,0
product6,20221115,0,0,0
product6,20221116,0,0,0
product6,20221117,0,0,0
product6,20221118,0,0,0
product6,20221121,0,0,0
product6,20221122,0,0,0
product6,20221123,0,0,0
product60,20221110,0,0,0
product60,20221111,0,0,0
product60,20221114,0,0,0
product60,20221115,0,0,0
product60,20221116,0,0,0
product60,20221117,0,0,0
product60,20221118,0,0,0
product60,20221121,0,0,0
product60,20221122,0,0,0
product60,20221123,0,0,0
product61,20221110,0,0,0
product61,20221111,0,0,0
product61,20221114,0,0,0
product61,20221115,0,0,0
product61,20221116,0,0,0
product61,20221117,0,0,0
product61,20221118,0,0,0
product61,20221121,0,0,0
product61,20221122,0,0,0
product61,20221123,0,0,0
product62,20221110,0,0,0
product62,20221111,0,0,0
product62,20221114,0,0,0
product62,20221115,0,0,0
product62,20221116,0,0,0
product62,20221117,0,0,0
product62,20221118,0,0,0
product62,20221121,0,0,0
product62,20221122,0,0,0
product62,20221123,0,0,0
product63,20221110,0,0,0
product63,20221111,0,0,0
product63,20221114,0,0,0
product63,20221115,0,0,0
product63,20221116,0,0,0
product63,20221117,0,0,0
product63,20221118,0,0,0
product63,20221121,0,0,0
product63,20221122,0,0,0
product63,20221123,0,0,0
product64,20221110,0,0,0
product64,20221111,0,0,0
product64,20221114,0,0,0
product64,20221115,0,0,0
product64,20221116,0,0,0
product64,20221117,0,0,0
product64,20221118,0,0,0
product64,20221121,0,0,0
product64,20221122,0,0,0
product64,20221123,0,0,0
product65,20221110,0,0,0
product65,20221111,0,0,0
product65,20221114,0,0,0
product65,20221115,0,0,0
product65,20221116,0,0,0
product65,20221117,0,0,0
product65,20221118,0,0,0
product65,20221121,0,0,0
product65,20221122,0,0,0
product65,20221123,0,0,0
product66,20221110,0,0,0
product66,20221111,0,0,0
product66,20221114,0,0,0
product66,20221115,0,0,0
product66,20221116,0,0,0
product66,20221117,0,0,0
product66,20221118,0,0,0
product66,20221121,0,0,0
product66,20221122,0,0,0
product66,20221123,0,0,0
product67,20221110,0,0,0
product67,20221111,0,0,0
product67,20221114,0,0,0
product67,20221115,0,0,0
product67,20221116,0,0,0
product67,20221117,0,0,0
product67,20221118,0,0,0
product67,20221121,0,0,0
product67,20221122,0,0,0
product67,20221123,0,0,0
product68,20221110,0,0,0
product68,20221111,0,0,0
product68,20221114,0,0,0
product68,20221115,0,0,0
product68,20221116,0,0,0
product68,20221117,0,0,0
product68,20221118,0,0,0
product68,20221121,0,0,0
product68,20221122,0,0,0
product68,20221123,0,0,0
product70,20221110,0,0,0
product70,20221111,0,0,0
product70,20221114,0,0,0
product70,20221115,0,0,0
product70,20221116,0,0,0
product70,20221117,0,0,0
product70,20221118,0,0,0
product70,20221121,0,0,0
product70,20221122,0,0,0
product70,20221123,0,0,0
product71,20221110,0,0,0
product71,20221111,0,0,0
product71,20221114,0,0,0
product71,20221115,0,0,0
product71,20221116,0,0,0
product71,20221117,0,0,0
product71,20221118,0,0,0
product71,20221121,0,0,0
product71,20221122,0,0,0
product71,20221123,0,0,0
product72,20221110,0,0,0
product72,20221111,0,0,0
product72,20221114,0,0,0
product72,20221115,0,0,0
product72,20221116,0,0,0
product72,20221117,0,0,0
product72,20221118,0,0,0
product72,20221121,0,0,0
product72,20221122,0,0,0
product72,20221123,0,0,0
product73,20221110,0,0,0
product73,20221111,0,0,0
product73,20221114,0,0,0
product73,20221115,0,0,0
product73,20221116,0,0,0
product73,20221117,0,0,0
product73,20221118,0,0,0
product73,20221121,0,0,0
product73,20221122,0,0,0
product73,20221123,0,0,0
product75,20221110,0,0,0
product75,20221111,0,0,0
product75,20221114,0,0,0
product75,20221115,0,0,0
product75,20221116,0,0,0
product75,20221117,0,0,0
product75,20221118,0,0,0
product75,20221121,0,0,0
product75,20221122,0,0,0
product75,20221123,0,0,0
product76,20221110,0,0,0
product76,20221111,0,0,0
product76,20221114,0,0,0
product76,20221115,0,0,0
product76,20221116,0,0,0
product76,20221117,0,0,0
product76,20221118,0,0,0
product76,20221121,0,0,0
product76,20221122,0,0,0
product76,20221123,0,0,0
product78,20221110,0,0,0
product78,20221111,0,0,0
product78,20221114,0,0,0
product78,20221115,0,0,0
product78,20221116,0,0,0
product78,20221117,0,0,0
product78,20221118,0,0,0
product78,20221121,0,0,0
product78,20221122,0,0,0
product78,20221123,0,0,0
product79,20221110,0,0,0
product79,20221111,0,0,0
product79,20221114,0,0,0
product79,20221115,0,0,0
product79,20221116,0,0,0
product79,20221117,0,0,0
product79,20221118,0,0,0
product79,20221121,0,0,0
product79,20221122,0,0,0
product79,20221123,0,0,0
product8,20221110,0,0,0
product8,20221111,0,0,0
product8,20221114,0,0,0
product8,20221115,0,0,0
product8,20221116,0,0,0
product8,20221117,0,0,0
product8,20221118,0,0,0
product8,20221121,0,0,0
product8,20221122,0,0,0
product8,20221123,0,0,0
product80,20221110,0,0,0
product80,20221111,0,0,0
product80,20221114,0,0,0
product80,20221115,0,0,0
product80,20221116,0,0,0
product80,20221117,0,0,0
product80,20221118,0,0,0
product80,20221121,0,0,0
product80,20221122,0,0,0
product80,20221123,0,0,0
product81,20221110,0,0,0
product81,20221111,0,0,0
product81,20221114,0,0,0
product81,20221115,0,0,0
product81,20221116,0,0,0
product81,20221117,0,0,0
product81,20221118,0,0,0
product81,20221121,0,0,0
product81,20221122,0,0,0
product81,20221123,0,0,0
product82,20221110,0,0,0
product82,20221111,0,0,0
product82,20221114,0,0,0
product82,20221115,0,0,0
product82,20221116,0,0,0
product82,20221117,0,0,0
product82,20221118,0,0,0
product82,20221121,0,0,0
product82,20221122,0,0,0
product82,20221123,0,0,0
product83,20221110,0,0,0
product83,20221111,0,0,0
product83,20221114,0,0,0
product83,20221115,0,0,0
product83,20221116,0,0,0
product83,20221117,0,0,0
product83,20221118,0,0,0
product83,20221121,0,0,0
product83,20221122,0,0,0
product83,20221123,0,0,0
product84,20221110,0,0,0
product84,20221111,0,0,0
product84,20221114,0,0,0
product84,20221115,0,0,0
product84,20221116,0,0,0
product84,20221117,0,0,0
product84,20221118,0,0,0
product84,20221121,0,0,0
product84,20221122,0,0,0
product84,20221123,0,0,0
product85,20221110,0,0,0
product85,20221111,0,0,0
product85,20221114,0,0,0
product85,20221115,0,0,0
product85,20221116,0,0,0
product85,20221117,0,0,0
product85,20221118,0,0,0
product85,20221121,0,0,0
product85,20221122,0,0,0
product85,20221123,0,0,0
product86,20221110,0,0,0
product86,20221111,0,0,0
product86,20221114,0,0,0
product86,20221115,0,0,0
product86,20221116,0,0,0
product86,20221117,0,0,0
product86,20221118,0,0,0
product86,20221121,0,0,0
product86,20221122,0,0,0
product86,20221123,0,0,0
product87,20221110,0,0,0
product87,20221111,0,0,0
product87,20221114,0,0,0
product87,20221115,0,0,0
product87,20221116,0,0,0
product87,20221117,0,0,0
product87,20221118,0,0,0
product87,20221121,0,0,0
product87,20221122,0,0,0
product87,20221123,0,0,0
product88,20221110,0,0,0
product88,20221111,0,0,0
product88,20221114,0,0,0
product88,20221115,0,0,0
product88,20221116,0,0,0
product88,20221117,0,0,0
product88,20221118,0,0,0
product88,20221121,0,0,0
product88,20221122,0,0,0
product88,20221123,0,0,0
product89,20221110,0,0,0
product89,20221111,0,0,0
product89,20221114,0,0,0
product89,20221115,0,0,0
product89,20221116,0,0,0
product89,20221117,0,0,0
product89,20221118,0,0,0
product89,20221121,0,0,0
product89,20221122,0,0,0
product89,20221123,0,0,0
product9,20221110,0,0,0
product9,20221111,0,0,0
product9,20221114,0,0,0
product9,20221115,0,0,0
product9,20221116,0,0,0
product9,20221117,0,0,0
product9,20221118,0,0,0
product9,20221121,0,0,0
product9,20221122,0,0,0
product9,20221123,0,0,0
product90,20221110,0,0,0
product90,20221111,0,0,0
product90,20221114,0,0,0
product90,20221115,0,0,0
product90,20221116,0,0,0
product90,20221117,0,0,0
product90,20221118,0,0,0
product90,20221121,0,0,0
product90,20221122,0,0,0
product90,20221123,0,0,0
product91,20221110,0,0,0
product91,20221111,0,0,0
product91,20221114,0,0,0
product91,20221115,0,0,0
product91,20221116,0,0,0
product91,20221117,0,0,0
product91,20221118,0,0,0
product91,20221121,0,0,0
product91,20221122,0,0,0
product91,20221123,0,0,0
product92,20221110,0,0,0
product92,20221111,0,0,0
product92,20221114,0,0,0
product92,20221115,0,0,0
product92,20221116,0,0,0
product92,20221117,0,0,0
product92,20221118,0,0,0
product92,20221121,0,0,0
product92,20221122,0,0,0
product92,20221123,0,0,0
product93,20221110,0,0,0
product93,20221111,0,0,0
product93,20221114,0,0,0
product93,20221115,0,0,0
product93,20221116,0,0,0
product93,20221117,0,0,0
product93,20221118,0,0,0
product93,20221121,0,0,0
product93,20221122,0,0,0
product93,20221123,0,0,0
product94,20221110,0,0,0
product94,20221111,0,0,0
product94,20221114,0,0,0
product94,20221115,0,0,0
product94,20221116,0,0,0
product94,20221117,0,0,0
product94,20221118,0,0,0
product94,20221121,0,0,0
product94,20221122,0,0,0
product94,20221123,0,0,0
product95,20221110,0,0,0
product95,20221111,0,0,0
product95,20221114,0,0,0
product95,20221115,0,0,0
product95,20221116,0,0,0
product95,20221117,0,0,0
product95,20221118,0,0,0
product95,20221121,0,0,0
product95,20221122,0,0,0
product95,20221123,0,0,0
product96,20221110,0,0,0
product96,20221111,0,0,0
product96,20221114,0,0,0
product96,20221115,0,0,0
product96,20221116,0,0,0
product96,20221117,0,0,0
product96,20221118,0,0,0
product96,20221121,0,0,0
product96,20221122,0,0,0
product96,20221123,0,0,0
product97,20221110,0,0,0
product97,20221111,0,0,0
product97,20221114,0,0,0
product97,20221115,0,0,0
product97,20221116,0,0,0
product97,20221117,0,0,0
product97,20221118,0,0,0
product97,20221121,0,0,0
product97,20221122,0,0,0
product97,20221123,0,0,0
product98,20221110,0,0,0
product98,20221111,0,0,0
product98,20221114,0,0,0
product98,20221115,0,0,0
product98,20221116,0,0,0
product98,20221117,0,0,0
product98,20221118,0,0,0
product98,20221121,0,0,0
product98,20221122,0,0,0
product98,20221123,0,0,0
product99,20221110,0,0,0
product99,20221111,0,0,0
product99,20221114,0,0,0
product99,20221115,0,0,0
product99,20221116,0,0,0
product99,20221117,0,0,0
product99,20221118,0,0,0
product99,20221121,0,0,0
product99,20221122,0,0,0
product99,20221123,0,0,0
