product_pid,transaction_date,apply_amt_pred,redeem_amt_pred,net_in_amt_pred,yield,is_trade,next_trade_date,last_trade_date,is_week_end,is_month_end,is_quarter_end,is_year_end,trade_day_rank
product1,20221110,0,0,0,,1,20221111,20221109,0,0,0,0,7791
product1,20221111,0,0,0,,1,20221114,20221110,1,0,0,0,7792
product1,20221114,0,0,0,,1,20221115,20221111,0,0,0,0,7793
product1,20221115,0,0,0,,1,20221116,20221114,0,0,0,0,7794
product1,20221116,0,0,0,,1,20221117,20221115,0,0,0,0,7795
product1,20221117,0,0,0,,1,20221118,20221116,0,0,0,0,7796
product1,20221118,0,0,0,,1,20221121,20221117,1,0,0,0,7797
product1,20221121,0,0,0,,1,20221122,20221118,0,0,0,0,7798
product1,20221122,0,0,0,,1,20221123,20221121,0,0,0,0,7799
product1,20221123,0,0,0,,1,20221124,20221122,0,0,0,0,7800
product100,20221110,0,0,0,,1,20221111,20221109,0,0,0,0,7791
product100,20221111,0,0,0,,1,20221114,20221110,1,0,0,0,7792
product100,20221114,0,0,0,,1,20221115,20221111,0,0,0,0,7793
product100,20221115,0,0,0,,1,20221116,20221114,0,0,0,0,7794
product100,20221116,0,0,0,,1,20221117,20221115,0,0,0,0,7795
product100,20221117,0,0,0,,1,20221118,20221116,0,0,0,0,7796
product100,20221118,0,0,0,,1,20221121,20221117,1,0,0,0,7797
product100,20221121,0,0,0,,1,20221122,20221118,0,0,0,0,7798
product100,20221122,0,0,0,,1,20221123,20221121,0,0,0,0,7799
product100,20221123,0,0,0,,1,20221124,20221122,0,0,0,0,7800
product101,20221110,0,0,0,,1,20221111,20221109,0,0,0,0,7791
product101,20221111,0,0,0,,1,20221114,20221110,1,0,0,0,7792
product101,20221114,0,0,0,,1,20221115,20221111,0,0,0,0,7793
product101,20221115,0,0,0,,1,20221116,20221114,0,0,0,0,7794
product101,20221116,0,0,0,,1,20221117,20221115,0,0,0,0,7795
product101,20221117,0,0,0,,1,20221118,20221116,0,0,0,0,7796
product101,20221118,0,0,0,,1,20221121,20221117,1,0,0,0,7797
product101,20221121,0,0,0,,1,20221122,20221118,0,0,0,0,7798
product101,20221122,0,0,0,,1,20221123,20221121,0,0,0,0,7799
product101,20221123,0,0,0,,1,20221124,20221122,0,0,0,0,7800
product102,20221110,0,0,0,,1,20221111,20221109,0,0,0,0,7791
product102,20221111,0,0,0,,1,20221114,20221110,1,0,0,0,7792
product102,20221114,0,0,0,,1,20221115,20221111,0,0,0,0,7793
product102,20221115,0,0,0,,1,20221116,20221114,0,0,0,0,7794
product102,20221116,0,0,0,,1,20221117,20221115,0,0,0,0,7795
product102,20221117,0,0,0,,1,20221118,20221116,0,0,0,0,7796
product102,20221118,0,0,0,,1,20221121,20221117,1,0,0,0,7797
product102,20221121,0,0,0,,1,20221122,20221118,0,0,0,0,7798
product102,20221122,0,0,0,,1,20221123,20221121,0,0,0,0,7799
product102,20221123,0,0,0,,1,20221124,20221122,0,0,0,0,7800
product103,20221110,0,0,0,,1,20221111,20221109,0,0,0,0,7791
product103,20221111,0,0,0,,1,20221114,20221110,1,0,0,0,7792
product103,20221114,0,0,0,,1,20221115,20221111,0,0,0,0,7793
product103,20221115,0,0,0,,1,20221116,20221114,0,0,0,0,7794
product103,20221116,0,0,0,,1,20221117,20221115,0,0,0,0,7795
product103,20221117,0,0,0,,1,20221118,20221116,0,0,0,0,7796
product103,20221118,0,0,0,,1,20221121,20221117,1,0,0,0,7797
product103,20221121,0,0,0,,1,20221122,20221118,0,0,0,0,7798
product103,20221122,0,0,0,,1,20221123,20221121,0,0,0,0,7799
product103,20221123,0,0,0,,1,20221124,20221122,0,0,0,0,7800
product104,20221110,0,0,0,,1,20221111,20221109,0,0,0,0,7791
product104,20221111,0,0,0,,1,20221114,20221110,1,0,0,0,7792
product104,20221114,0,0,0,,1,20221115,20221111,0,0,0,0,7793
product104,20221115,0,0,0,,1,20221116,20221114,0,0,0,0,7794
product104,20221116,0,0,0,,1,20221117,20221115,0,0,0,0,7795
product104,20221117,0,0,0,,1,20221118,20221116,0,0,0,0,7796
product104,20221118,0,0,0,,1,20221121,20221117,1,0,0,0,7797
product104,20221121,0,0,0,,1,20221122,20221118,0,0,0,0,7798
product104,20221122,0,0,0,,1,20221123,20221121,0,0,0,0,7799
product104,20221123,0,0,0,,1,20221124,20221122,0,0,0,0,7800
product105,20221110,0,0,0,,1,20221111,20221109,0,0,0,0,7791
product105,20221111,0,0,0,,1,20221114,20221110,1,0,0,0,7792
product105,20221114,0,0,0,,1,20221115,20221111,0,0,0,0,7793
product105,20221115,0,0,0,,1,20221116,20221114,0,0,0,0,7794
product105,20221116,0,0,0,,1,20221117,20221115,0,0,0,0,7795
product105,20221117,0,0,0,,1,20221118,20221116,0,0,0,0,7796
product105,20221118,0,0,0,,1,20221121,20221117,1,0,0,0,7797
product105,20221121,0,0,0,,1,20221122,20221118,0,0,0,0,7798
product105,20221122,0,0,0,,1,20221123,20221121,0,0,0,0,7799
product105,20221123,0,0,0,,1,20221124,20221122,0,0,0,0,7800
product106,20221110,0,0,0,,1,20221111,20221109,0,0,0,0,7791
product106,20221111,0,0,0,,1,20221114,20221110,1,0,0,0,7792
product106,20221114,0,0,0,,1,20221115,20221111,0,0,0,0,7793
product106,20221115,0,0,0,,1,20221116,20221114,0,0,0,0,7794
product106,20221116,0,0,0,,1,20221117,20221115,0,0,0,0,7795
product106,20221117,0,0,0,,1,20221118,20221116,0,0,0,0,7796
product106,20221118,0,0,0,,1,20221121,20221117,1,0,0,0,7797
product106,20221121,0,0,0,,1,20221122,20221118,0,0,0,0,7798
product106,20221122,0,0,0,,1,20221123,20221121,0,0,0,0,7799
product106,20221123,0,0,0,,1,20221124,20221122,0,0,0,0,7800
product107,20221110,0,0,0,,1,20221111,20221109,0,0,0,0,7791
product107,20221111,0,0,0,,1,20221114,20221110,1,0,0,0,7792
product107,20221114,0,0,0,,1,20221115,20221111,0,0,0,0,7793
product107,20221115,0,0,0,,1,20221116,20221114,0,0,0,0,7794
product107,20221116,0,0,0,,1,20221117,20221115,0,0,0,0,7795
product107,20221117,0,0,0,,1,20221118,20221116,0,0,0,0,7796
product107,20221118,0,0,0,,1,20221121,20221117,1,0,0,0,7797
product107,20221121,0,0,0,,1,20221122,20221118,0,0,0,0,7798
product107,20221122,0,0,0,,1,20221123,20221121,0,0,0,0,7799
product107,20221123,0,0,0,,1,20221124,20221122,0,0,0,0,7800
product108,20221110,0,0,0,,1,20221111,20221109,0,0,0,0,7791
product108,20221111,0,0,0,,1,20221114,20221110,1,0,0,0,7792
product108,20221114,0,0,0,,1,20221115,20221111,0,0,0,0,7793
product108,20221115,0,0,0,,1,20221116,20221114,0,0,0,0,7794
product108,20221116,0,0,0,,1,20221117,20221115,0,0,0,0,7795
product108,20221117,0,0,0,,1,20221118,20221116,0,0,0,0,7796
product108,20221118,0,0,0,,1,20221121,20221117,1,0,0,0,7797
product108,20221121,0,0,0,,1,20221122,20221118,0,0,0,0,7798
product108,20221122,0,0,0,,1,20221123,20221121,0,0,0,0,7799
product108,20221123,0,0,0,,1,20221124,20221122,0,0,0,0,7800
product109,20221110,0,0,0,,1,20221111,20221109,0,0,0,0,7791
product109,20221111,0,0,0,,1,20221114,20221110,1,0,0,0,7792
product109,20221114,0,0,0,,1,20221115,20221111,0,0,0,0,7793
product109,20221115,0,0,0,,1,20221116,20221114,0,0,0,0,7794
product109,20221116,0,0,0,,1,20221117,20221115,0,0,0,0,7795
product109,20221117,0,0,0,,1,20221118,20221116,0,0,0,0,7796
product109,20221118,0,0,0,,1,20221121,20221117,1,0,0,0,7797
product109,20221121,0,0,0,,1,20221122,20221118,0,0,0,0,7798
product109,20221122,0,0,0,,1,20221123,20221121,0,0,0,0,7799
product109,20221123,0,0,0,,1,20221124,20221122,0,0,0,0,7800
product110,20221110,0,0,0,,1,20221111,20221109,0,0,0,0,7791
product110,20221111,0,0,0,,1,20221114,20221110,1,0,0,0,7792
product110,20221114,0,0,0,,1,20221115,20221111,0,0,0,0,7793
product110,20221115,0,0,0,,1,20221116,20221114,0,0,0,0,7794
product110,20221116,0,0,0,,1,20221117,20221115,0,0,0,0,7795
product110,20221117,0,0,0,,1,20221118,20221116,0,0,0,0,7796
product110,20221118,0,0,0,,1,20221121,20221117,1,0,0,0,7797
product110,20221121,0,0,0,,1,20221122,20221118,0,0,0,0,7798
product110,20221122,0,0,0,,1,20221123,20221121,0,0,0,0,7799
product110,20221123,0,0,0,,1,20221124,20221122,0,0,0,0,7800
product111,20221110,0,0,0,,1,20221111,20221109,0,0,0,0,7791
product111,20221111,0,0,0,,1,20221114,20221110,1,0,0,0,7792
product111,20221114,0,0,0,,1,20221115,20221111,0,0,0,0,7793
product111,20221115,0,0,0,,1,20221116,20221114,0,0,0,0,7794
product111,20221116,0,0,0,,1,20221117,20221115,0,0,0,0,7795
product111,20221117,0,0,0,,1,20221118,20221116,0,0,0,0,7796
product111,20221118,0,0,0,,1,20221121,20221117,1,0,0,0,7797
product111,20221121,0,0,0,,1,20221122,20221118,0,0,0,0,7798
product111,20221122,0,0,0,,1,20221123,20221121,0,0,0,0,7799
product111,20221123,0,0,0,,1,20221124,20221122,0,0,0,0,7800
product112,20221110,0,0,0,,1,20221111,20221109,0,0,0,0,7791
product112,20221111,0,0,0,,1,20221114,20221110,1,0,0,0,7792
product112,20221114,0,0,0,,1,20221115,20221111,0,0,0,0,7793
product112,20221115,0,0,0,,1,20221116,20221114,0,0,0,0,7794
product112,20221116,0,0,0,,1,20221117,20221115,0,0,0,0,7795
product112,20221117,0,0,0,,1,20221118,20221116,0,0,0,0,7796
product112,20221118,0,0,0,,1,20221121,20221117,1,0,0,0,7797
product112,20221121,0,0,0,,1,20221122,20221118,0,0,0,0,7798
product112,20221122,0,0,0,,1,20221123,20221121,0,0,0,0,7799
product112,20221123,0,0,0,,1,20221124,20221122,0,0,0,0,7800
product113,20221110,0,0,0,,1,20221111,20221109,0,0,0,0,7791
product113,20221111,0,0,0,,1,20221114,20221110,1,0,0,0,7792
product113,20221114,0,0,0,,1,20221115,20221111,0,0,0,0,7793
product113,20221115,0,0,0,,1,20221116,20221114,0,0,0,0,7794
product113,20221116,0,0,0,,1,20221117,20221115,0,0,0,0,7795
product113,20221117,0,0,0,,1,20221118,20221116,0,0,0,0,7796
product113,20221118,0,0,0,,1,20221121,20221117,1,0,0,0,7797
product113,20221121,0,0,0,,1,20221122,20221118,0,0,0,0,7798
product113,20221122,0,0,0,,1,20221123,20221121,0,0,0,0,7799
product113,20221123,0,0,0,,1,20221124,20221122,0,0,0,0,7800
product114,20221110,0,0,0,,1,20221111,20221109,0,0,0,0,7791
product114,20221111,0,0,0,,1,20221114,20221110,1,0,0,0,7792
product114,20221114,0,0,0,,1,20221115,20221111,0,0,0,0,7793
product114,20221115,0,0,0,,1,20221116,20221114,0,0,0,0,7794
product114,20221116,0,0,0,,1,20221117,20221115,0,0,0,0,7795
product114,20221117,0,0,0,,1,20221118,20221116,0,0,0,0,7796
product114,20221118,0,0,0,,1,20221121,20221117,1,0,0,0,7797
product114,20221121,0,0,0,,1,20221122,20221118,0,0,0,0,7798
product114,20221122,0,0,0,,1,20221123,20221121,0,0,0,0,7799
product114,20221123,0,0,0,,1,20221124,20221122,0,0,0,0,7800
product115,20221110,0,0,0,,1,20221111,20221109,0,0,0,0,7791
product115,20221111,0,0,0,,1,20221114,20221110,1,0,0,0,7792
product115,20221114,0,0,0,,1,20221115,20221111,0,0,0,0,7793
product115,20221115,0,0,0,,1,20221116,20221114,0,0,0,0,7794
product115,20221116,0,0,0,,1,20221117,20221115,0,0,0,0,7795
product115,20221117,0,0,0,,1,20221118,20221116,0,0,0,0,7796
product115,20221118,0,0,0,,1,20221121,20221117,1,0,0,0,7797
product115,20221121,0,0,0,,1,20221122,20221118,0,0,0,0,7798
product115,20221122,0,0,0,,1,20221123,20221121,0,0,0,0,7799
product115,20221123,0,0,0,,1,20221124,20221122,0,0,0,0,7800
product116,20221110,0,0,0,,1,20221111,20221109,0,0,0,0,7791
product116,20221111,0,0,0,,1,20221114,20221110,1,0,0,0,7792
product116,20221114,0,0,0,,1,20221115,20221111,0,0,0,0,7793
product116,20221115,0,0,0,,1,20221116,20221114,0,0,0,0,7794
product116,20221116,0,0,0,,1,20221117,20221115,0,0,0,0,7795
product116,20221117,0,0,0,,1,20221118,20221116,0,0,0,0,7796
product116,20221118,0,0,0,,1,20221121,20221117,1,0,0,0,7797
product116,20221121,0,0,0,,1,20221122,20221118,0,0,0,0,7798
product116,20221122,0,0,0,,1,20221123,20221121,0,0,0,0,7799
product116,20221123,0,0,0,,1,20221124,20221122,0,0,0,0,7800
product117,20221110,0,0,0,,1,20221111,20221109,0,0,0,0,7791
product117,20221111,0,0,0,,1,20221114,20221110,1,0,0,0,7792
product117,20221114,0,0,0,,1,20221115,20221111,0,0,0,0,7793
product117,20221115,0,0,0,,1,20221116,20221114,0,0,0,0,7794
product117,20221116,0,0,0,,1,20221117,20221115,0,0,0,0,7795
product117,20221117,0,0,0,,1,20221118,20221116,0,0,0,0,7796
product117,20221118,0,0,0,,1,20221121,20221117,1,0,0,0,7797
product117,20221121,0,0,0,,1,20221122,20221118,0,0,0,0,7798
product117,20221122,0,0,0,,1,20221123,20221121,0,0,0,0,7799
product117,20221123,0,0,0,,1,20221124,20221122,0,0,0,0,7800
product118,20221110,0,0,0,,1,20221111,20221109,0,0,0,0,7791
product118,20221111,0,0,0,,1,20221114,20221110,1,0,0,0,7792
product118,20221114,0,0,0,,1,20221115,20221111,0,0,0,0,7793
product118,20221115,0,0,0,,1,20221116,20221114,0,0,0,0,7794
product118,20221116,0,0,0,,1,20221117,20221115,0,0,0,0,7795
product118,20221117,0,0,0,,1,20221118,20221116,0,0,0,0,7796
product118,20221118,0,0,0,,1,20221121,20221117,1,0,0,0,7797
product118,20221121,0,0,0,,1,20221122,20221118,0,0,0,0,7798
product118,20221122,0,0,0,,1,20221123,20221121,0,0,0,0,7799
product118,20221123,0,0,0,,1,20221124,20221122,0,0,0,0,7800
product119,20221110,0,0,0,,1,20221111,20221109,0,0,0,0,7791
product119,20221111,0,0,0,,1,20221114,20221110,1,0,0,0,7792
product119,20221114,0,0,0,,1,20221115,20221111,0,0,0,0,7793
product119,20221115,0,0,0,,1,20221116,20221114,0,0,0,0,7794
product119,20221116,0,0,0,,1,20221117,20221115,0,0,0,0,7795
product119,20221117,0,0,0,,1,20221118,20221116,0,0,0,0,7796
product119,20221118,0,0,0,,1,20221121,20221117,1,0,0,0,7797
product119,20221121,0,0,0,,1,20221122,20221118,0,0,0,0,7798
product119,20221122,0,0,0,,1,20221123,20221121,0,0,0,0,7799
product119,20221123,0,0,0,,1,20221124,20221122,0,0,0,0,7800
product12,20221110,0,0,0,,1,20221111,20221109,0,0,0,0,7791
product12,20221111,0,0,0,,1,20221114,20221110,1,0,0,0,7792
product12,20221114,0,0,0,,1,20221115,20221111,0,0,0,0,7793
product12,20221115,0,0,0,,1,20221116,20221114,0,0,0,0,7794
product12,20221116,0,0,0,,1,20221117,20221115,0,0,0,0,7795
product12,20221117,0,0,0,,1,20221118,20221116,0,0,0,0,7796
product12,20221118,0,0,0,,1,20221121,20221117,1,0,0,0,7797
product12,20221121,0,0,0,,1,20221122,20221118,0,0,0,0,7798
product12,20221122,0,0,0,,1,20221123,20221121,0,0,0,0,7799
product12,20221123,0,0,0,,1,20221124,20221122,0,0,0,0,7800
product120,20221110,0,0,0,,1,20221111,20221109,0,0,0,0,7791
product120,20221111,0,0,0,,1,20221114,20221110,1,0,0,0,7792
product120,20221114,0,0,0,,1,20221115,20221111,0,0,0,0,7793
product120,20221115,0,0,0,,1,20221116,20221114,0,0,0,0,7794
product120,20221116,0,0,0,,1,20221117,20221115,0,0,0,0,7795
product120,20221117,0,0,0,,1,20221118,20221116,0,0,0,0,7796
product120,20221118,0,0,0,,1,20221121,20221117,1,0,0,0,7797
product120,20221121,0,0,0,,1,20221122,20221118,0,0,0,0,7798
product120,20221122,0,0,0,,1,20221123,20221121,0,0,0,0,7799
product120,20221123,0,0,0,,1,20221124,20221122,0,0,0,0,7800
product121,20221110,0,0,0,,1,20221111,20221109,0,0,0,0,7791
product121,20221111,0,0,0,,1,20221114,20221110,1,0,0,0,7792
product121,20221114,0,0,0,,1,20221115,20221111,0,0,0,0,7793
product121,20221115,0,0,0,,1,20221116,20221114,0,0,0,0,7794
product121,20221116,0,0,0,,1,20221117,20221115,0,0,0,0,7795
product121,20221117,0,0,0,,1,20221118,20221116,0,0,0,0,7796
product121,20221118,0,0,0,,1,20221121,20221117,1,0,0,0,7797
product121,20221121,0,0,0,,1,20221122,20221118,0,0,0,0,7798
product121,20221122,0,0,0,,1,20221123,20221121,0,0,0,0,7799
product121,20221123,0,0,0,,1,20221124,20221122,0,0,0,0,7800
product122,20221110,0,0,0,,1,20221111,20221109,0,0,0,0,7791
product122,20221111,0,0,0,,1,20221114,20221110,1,0,0,0,7792
product122,20221114,0,0,0,,1,20221115,20221111,0,0,0,0,7793
product122,20221115,0,0,0,,1,20221116,20221114,0,0,0,0,7794
product122,20221116,0,0,0,,1,20221117,20221115,0,0,0,0,7795
product122,20221117,0,0,0,,1,20221118,20221116,0,0,0,0,7796
product122,20221118,0,0,0,,1,20221121,20221117,1,0,0,0,7797
product122,20221121,0,0,0,,1,20221122,20221118,0,0,0,0,7798
product122,20221122,0,0,0,,1,20221123,20221121,0,0,0,0,7799
product122,20221123,0,0,0,,1,20221124,20221122,0,0,0,0,7800
product123,20221110,0,0,0,,1,20221111,20221109,0,0,0,0,7791
product123,20221111,0,0,0,,1,20221114,20221110,1,0,0,0,7792
product123,20221114,0,0,0,,1,20221115,20221111,0,0,0,0,7793
product123,20221115,0,0,0,,1,20221116,20221114,0,0,0,0,7794
product123,20221116,0,0,0,,1,20221117,20221115,0,0,0,0,7795
product123,20221117,0,0,0,,1,20221118,20221116,0,0,0,0,7796
product123,20221118,0,0,0,,1,20221121,20221117,1,0,0,0,7797
product123,20221121,0,0,0,,1,20221122,20221118,0,0,0,0,7798
product123,20221122,0,0,0,,1,20221123,20221121,0,0,0,0,7799
product123,20221123,0,0,0,,1,20221124,20221122,0,0,0,0,7800
product124,20221110,0,0,0,,1,20221111,20221109,0,0,0,0,7791
product124,20221111,0,0,0,,1,20221114,20221110,1,0,0,0,7792
product124,20221114,0,0,0,,1,20221115,20221111,0,0,0,0,7793
product124,20221115,0,0,0,,1,20221116,20221114,0,0,0,0,7794
product124,20221116,0,0,0,,1,20221117,20221115,0,0,0,0,7795
product124,20221117,0,0,0,,1,20221118,20221116,0,0,0,0,7796
product124,20221118,0,0,0,,1,20221121,20221117,1,0,0,0,7797
product124,20221121,0,0,0,,1,20221122,20221118,0,0,0,0,7798
product124,20221122,0,0,0,,1,20221123,20221121,0,0,0,0,7799
product124,20221123,0,0,0,,1,20221124,20221122,0,0,0,0,7800
product125,20221110,0,0,0,,1,20221111,20221109,0,0,0,0,7791
product125,20221111,0,0,0,,1,20221114,20221110,1,0,0,0,7792
product125,20221114,0,0,0,,1,20221115,20221111,0,0,0,0,7793
product125,20221115,0,0,0,,1,20221116,20221114,0,0,0,0,7794
product125,20221116,0,0,0,,1,20221117,20221115,0,0,0,0,7795
product125,20221117,0,0,0,,1,20221118,20221116,0,0,0,0,7796
product125,20221118,0,0,0,,1,20221121,20221117,1,0,0,0,7797
product125,20221121,0,0,0,,1,20221122,20221118,0,0,0,0,7798
product125,20221122,0,0,0,,1,20221123,20221121,0,0,0,0,7799
product125,20221123,0,0,0,,1,20221124,20221122,0,0,0,0,7800
product126,20221110,0,0,0,,1,20221111,20221109,0,0,0,0,7791
product126,20221111,0,0,0,,1,20221114,20221110,1,0,0,0,7792
product126,20221114,0,0,0,,1,20221115,20221111,0,0,0,0,7793
product126,20221115,0,0,0,,1,20221116,20221114,0,0,0,0,7794
product126,20221116,0,0,0,,1,20221117,20221115,0,0,0,0,7795
product126,20221117,0,0,0,,1,20221118,20221116,0,0,0,0,7796
product126,20221118,0,0,0,,1,20221121,20221117,1,0,0,0,7797
product126,20221121,0,0,0,,1,20221122,20221118,0,0,0,0,7798
product126,20221122,0,0,0,,1,20221123,20221121,0,0,0,0,7799
product126,20221123,0,0,0,,1,20221124,20221122,0,0,0,0,7800
product128,20221110,0,0,0,,1,20221111,20221109,0,0,0,0,7791
product128,20221111,0,0,0,,1,20221114,20221110,1,0,0,0,7792
product128,20221114,0,0,0,,1,20221115,20221111,0,0,0,0,7793
product128,20221115,0,0,0,,1,20221116,20221114,0,0,0,0,7794
product128,20221116,0,0,0,,1,20221117,20221115,0,0,0,0,7795
product128,20221117,0,0,0,,1,20221118,20221116,0,0,0,0,7796
product128,20221118,0,0,0,,1,20221121,20221117,1,0,0,0,7797
product128,20221121,0,0,0,,1,20221122,20221118,0,0,0,0,7798
product128,20221122,0,0,0,,1,20221123,20221121,0,0,0,0,7799
product128,20221123,0,0,0,,1,20221124,20221122,0,0,0,0,7800
product129,20221110,0,0,0,,1,20221111,20221109,0,0,0,0,7791
product129,20221111,0,0,0,,1,20221114,20221110,1,0,0,0,7792
product129,20221114,0,0,0,,1,20221115,20221111,0,0,0,0,7793
product129,20221115,0,0,0,,1,20221116,20221114,0,0,0,0,7794
product129,20221116,0,0,0,,1,20221117,20221115,0,0,0,0,7795
product129,20221117,0,0,0,,1,20221118,20221116,0,0,0,0,7796
product129,20221118,0,0,0,,1,20221121,20221117,1,0,0,0,7797
product129,20221121,0,0,0,,1,20221122,20221118,0,0,0,0,7798
product129,20221122,0,0,0,,1,20221123,20221121,0,0,0,0,7799
product129,20221123,0,0,0,,1,20221124,20221122,0,0,0,0,7800
product13,20221110,0,0,0,,1,20221111,20221109,0,0,0,0,7791
product13,20221111,0,0,0,,1,20221114,20221110,1,0,0,0,7792
product13,20221114,0,0,0,,1,20221115,20221111,0,0,0,0,7793
product13,20221115,0,0,0,,1,20221116,20221114,0,0,0,0,7794
product13,20221116,0,0,0,,1,20221117,20221115,0,0,0,0,7795
product13,20221117,0,0,0,,1,20221118,20221116,0,0,0,0,7796
product13,20221118,0,0,0,,1,20221121,20221117,1,0,0,0,7797
product13,20221121,0,0,0,,1,20221122,20221118,0,0,0,0,7798
product13,20221122,0,0,0,,1,20221123,20221121,0,0,0,0,7799
product13,20221123,0,0,0,,1,20221124,20221122,0,0,0,0,7800
product130,20221110,0,0,0,,1,20221111,20221109,0,0,0,0,7791
product130,20221111,0,0,0,,1,20221114,20221110,1,0,0,0,7792
product130,20221114,0,0,0,,1,20221115,20221111,0,0,0,0,7793
product130,20221115,0,0,0,,1,20221116,20221114,0,0,0,0,7794
product130,20221116,0,0,0,,1,20221117,20221115,0,0,0,0,7795
product130,20221117,0,0,0,,1,20221118,20221116,0,0,0,0,7796
product130,20221118,0,0,0,,1,20221121,20221117,1,0,0,0,7797
product130,20221121,0,0,0,,1,20221122,20221118,0,0,0,0,7798
product130,20221122,0,0,0,,1,20221123,20221121,0,0,0,0,7799
product130,20221123,0,0,0,,1,20221124,20221122,0,0,0,0,7800
product131,20221110,0,0,0,,1,20221111,20221109,0,0,0,0,7791
product131,20221111,0,0,0,,1,20221114,20221110,1,0,0,0,7792
product131,20221114,0,0,0,,1,20221115,20221111,0,0,0,0,7793
product131,20221115,0,0,0,,1,20221116,20221114,0,0,0,0,7794
product131,20221116,0,0,0,,1,20221117,20221115,0,0,0,0,7795
product131,20221117,0,0,0,,1,20221118,20221116,0,0,0,0,7796
product131,20221118,0,0,0,,1,20221121,20221117,1,0,0,0,7797
product131,20221121,0,0,0,,1,20221122,20221118,0,0,0,0,7798
product131,20221122,0,0,0,,1,20221123,20221121,0,0,0,0,7799
product131,20221123,0,0,0,,1,20221124,20221122,0,0,0,0,7800
product132,20221110,0,0,0,,1,20221111,20221109,0,0,0,0,7791
product132,20221111,0,0,0,,1,20221114,20221110,1,0,0,0,7792
product132,20221114,0,0,0,,1,20221115,20221111,0,0,0,0,7793
product132,20221115,0,0,0,,1,20221116,20221114,0,0,0,0,7794
product132,20221116,0,0,0,,1,20221117,20221115,0,0,0,0,7795
product132,20221117,0,0,0,,1,20221118,20221116,0,0,0,0,7796
product132,20221118,0,0,0,,1,20221121,20221117,1,0,0,0,7797
product132,20221121,0,0,0,,1,20221122,20221118,0,0,0,0,7798
product132,20221122,0,0,0,,1,20221123,20221121,0,0,0,0,7799
product132,20221123,0,0,0,,1,20221124,20221122,0,0,0,0,7800
product133,20221110,0,0,0,,1,20221111,20221109,0,0,0,0,7791
product133,20221111,0,0,0,,1,20221114,20221110,1,0,0,0,7792
product133,20221114,0,0,0,,1,20221115,20221111,0,0,0,0,7793
product133,20221115,0,0,0,,1,20221116,20221114,0,0,0,0,7794
product133,20221116,0,0,0,,1,20221117,20221115,0,0,0,0,7795
product133,20221117,0,0,0,,1,20221118,20221116,0,0,0,0,7796
product133,20221118,0,0,0,,1,20221121,20221117,1,0,0,0,7797
product133,20221121,0,0,0,,1,20221122,20221118,0,0,0,0,7798
product133,20221122,0,0,0,,1,20221123,20221121,0,0,0,0,7799
product133,20221123,0,0,0,,1,20221124,20221122,0,0,0,0,7800
product134,20221110,0,0,0,,1,20221111,20221109,0,0,0,0,7791
product134,20221111,0,0,0,,1,20221114,20221110,1,0,0,0,7792
product134,20221114,0,0,0,,1,20221115,20221111,0,0,0,0,7793
product134,20221115,0,0,0,,1,20221116,20221114,0,0,0,0,7794
product134,20221116,0,0,0,,1,20221117,20221115,0,0,0,0,7795
product134,20221117,0,0,0,,1,20221118,20221116,0,0,0,0,7796
product134,20221118,0,0,0,,1,20221121,20221117,1,0,0,0,7797
product134,20221121,0,0,0,,1,20221122,20221118,0,0,0,0,7798
product134,20221122,0,0,0,,1,20221123,20221121,0,0,0,0,7799
product134,20221123,0,0,0,,1,20221124,20221122,0,0,0,0,7800
product135,20221110,0,0,0,,1,20221111,20221109,0,0,0,0,7791
product135,20221111,0,0,0,,1,20221114,20221110,1,0,0,0,7792
product135,20221114,0,0,0,,1,20221115,20221111,0,0,0,0,7793
product135,20221115,0,0,0,,1,20221116,20221114,0,0,0,0,7794
product135,20221116,0,0,0,,1,20221117,20221115,0,0,0,0,7795
product135,20221117,0,0,0,,1,20221118,20221116,0,0,0,0,7796
product135,20221118,0,0,0,,1,20221121,20221117,1,0,0,0,7797
product135,20221121,0,0,0,,1,20221122,20221118,0,0,0,0,7798
product135,20221122,0,0,0,,1,20221123,20221121,0,0,0,0,7799
product135,20221123,0,0,0,,1,20221124,20221122,0,0,0,0,7800
product136,20221110,0,0,0,,1,20221111,20221109,0,0,0,0,7791
product136,20221111,0,0,0,,1,20221114,20221110,1,0,0,0,7792
product136,20221114,0,0,0,,1,20221115,20221111,0,0,0,0,7793
product136,20221115,0,0,0,,1,20221116,20221114,0,0,0,0,7794
product136,20221116,0,0,0,,1,20221117,20221115,0,0,0,0,7795
product136,20221117,0,0,0,,1,20221118,20221116,0,0,0,0,7796
product136,20221118,0,0,0,,1,20221121,20221117,1,0,0,0,7797
product136,20221121,0,0,0,,1,20221122,20221118,0,0,0,0,7798
product136,20221122,0,0,0,,1,20221123,20221121,0,0,0,0,7799
product136,20221123,0,0,0,,1,20221124,20221122,0,0,0,0,7800
product137,20221110,0,0,0,,1,20221111,20221109,0,0,0,0,7791
product137,20221111,0,0,0,,1,20221114,20221110,1,0,0,0,7792
product137,20221114,0,0,0,,1,20221115,20221111,0,0,0,0,7793
product137,20221115,0,0,0,,1,20221116,20221114,0,0,0,0,7794
product137,20221116,0,0,0,,1,20221117,20221115,0,0,0,0,7795
product137,20221117,0,0,0,,1,20221118,20221116,0,0,0,0,7796
product137,20221118,0,0,0,,1,20221121,20221117,1,0,0,0,7797
product137,20221121,0,0,0,,1,20221122,20221118,0,0,0,0,7798
product137,20221122,0,0,0,,1,20221123,20221121,0,0,0,0,7799
product137,20221123,0,0,0,,1,20221124,20221122,0,0,0,0,7800
product138,20221110,0,0,0,,1,20221111,20221109,0,0,0,0,7791
product138,20221111,0,0,0,,1,20221114,20221110,1,0,0,0,7792
product138,20221114,0,0,0,,1,20221115,20221111,0,0,0,0,7793
product138,20221115,0,0,0,,1,20221116,20221114,0,0,0,0,7794
product138,20221116,0,0,0,,1,20221117,20221115,0,0,0,0,7795
product138,20221117,0,0,0,,1,20221118,20221116,0,0,0,0,7796
product138,20221118,0,0,0,,1,20221121,20221117,1,0,0,0,7797
product138,20221121,0,0,0,,1,20221122,20221118,0,0,0,0,7798
product138,20221122,0,0,0,,1,20221123,20221121,0,0,0,0,7799
product138,20221123,0,0,0,,1,20221124,20221122,0,0,0,0,7800
product14,20221110,0,0,0,,1,20221111,20221109,0,0,0,0,7791
product14,20221111,0,0,0,,1,20221114,20221110,1,0,0,0,7792
product14,20221114,0,0,0,,1,20221115,20221111,0,0,0,0,7793
product14,20221115,0,0,0,,1,20221116,20221114,0,0,0,0,7794
product14,20221116,0,0,0,,1,20221117,20221115,0,0,0,0,7795
product14,20221117,0,0,0,,1,20221118,20221116,0,0,0,0,7796
product14,20221118,0,0,0,,1,20221121,20221117,1,0,0,0,7797
product14,20221121,0,0,0,,1,20221122,20221118,0,0,0,0,7798
product14,20221122,0,0,0,,1,20221123,20221121,0,0,0,0,7799
product14,20221123,0,0,0,,1,20221124,20221122,0,0,0,0,7800
product140,20221110,0,0,0,,1,20221111,20221109,0,0,0,0,7791
product140,20221111,0,0,0,,1,20221114,20221110,1,0,0,0,7792
product140,20221114,0,0,0,,1,20221115,20221111,0,0,0,0,7793
product140,20221115,0,0,0,,1,20221116,20221114,0,0,0,0,7794
product140,20221116,0,0,0,,1,20221117,20221115,0,0,0,0,7795
product140,20221117,0,0,0,,1,20221118,20221116,0,0,0,0,7796
product140,20221118,0,0,0,,1,20221121,20221117,1,0,0,0,7797
product140,20221121,0,0,0,,1,20221122,20221118,0,0,0,0,7798
product140,20221122,0,0,0,,1,20221123,20221121,0,0,0,0,7799
product140,20221123,0,0,0,,1,20221124,20221122,0,0,0,0,7800
product141,20221110,0,0,0,,1,20221111,20221109,0,0,0,0,7791
product141,20221111,0,0,0,,1,20221114,20221110,1,0,0,0,7792
product141,20221114,0,0,0,,1,20221115,20221111,0,0,0,0,7793
product141,20221115,0,0,0,,1,20221116,20221114,0,0,0,0,7794
product141,20221116,0,0,0,,1,20221117,20221115,0,0,0,0,7795
product141,20221117,0,0,0,,1,20221118,20221116,0,0,0,0,7796
product141,20221118,0,0,0,,1,20221121,20221117,1,0,0,0,7797
product141,20221121,0,0,0,,1,20221122,20221118,0,0,0,0,7798
product141,20221122,0,0,0,,1,20221123,20221121,0,0,0,0,7799
product141,20221123,0,0,0,,1,20221124,20221122,0,0,0,0,7800
product142,20221110,0,0,0,,1,20221111,20221109,0,0,0,0,7791
product142,20221111,0,0,0,,1,20221114,20221110,1,0,0,0,7792
product142,20221114,0,0,0,,1,20221115,20221111,0,0,0,0,7793
product142,20221115,0,0,0,,1,20221116,20221114,0,0,0,0,7794
product142,20221116,0,0,0,,1,20221117,20221115,0,0,0,0,7795
product142,20221117,0,0,0,,1,20221118,20221116,0,0,0,0,7796
product142,20221118,0,0,0,,1,20221121,20221117,1,0,0,0,7797
product142,20221121,0,0,0,,1,20221122,20221118,0,0,0,0,7798
product142,20221122,0,0,0,,1,20221123,20221121,0,0,0,0,7799
product142,20221123,0,0,0,,1,20221124,20221122,0,0,0,0,7800
product143,20221110,0,0,0,,1,20221111,20221109,0,0,0,0,7791
product143,20221111,0,0,0,,1,20221114,20221110,1,0,0,0,7792
product143,20221114,0,0,0,,1,20221115,20221111,0,0,0,0,7793
product143,20221115,0,0,0,,1,20221116,20221114,0,0,0,0,7794
product143,20221116,0,0,0,,1,20221117,20221115,0,0,0,0,7795
product143,20221117,0,0,0,,1,20221118,20221116,0,0,0,0,7796
product143,20221118,0,0,0,,1,20221121,20221117,1,0,0,0,7797
product143,20221121,0,0,0,,1,20221122,20221118,0,0,0,0,7798
product143,20221122,0,0,0,,1,20221123,20221121,0,0,0,0,7799
product143,20221123,0,0,0,,1,20221124,20221122,0,0,0,0,7800
product144,20221110,0,0,0,,1,20221111,20221109,0,0,0,0,7791
product144,20221111,0,0,0,,1,20221114,20221110,1,0,0,0,7792
product144,20221114,0,0,0,,1,20221115,20221111,0,0,0,0,7793
product144,20221115,0,0,0,,1,20221116,20221114,0,0,0,0,7794
product144,20221116,0,0,0,,1,20221117,20221115,0,0,0,0,7795
product144,20221117,0,0,0,,1,20221118,20221116,0,0,0,0,7796
product144,20221118,0,0,0,,1,20221121,20221117,1,0,0,0,7797
product144,20221121,0,0,0,,1,20221122,20221118,0,0,0,0,7798
product144,20221122,0,0,0,,1,20221123,20221121,0,0,0,0,7799
product144,20221123,0,0,0,,1,20221124,20221122,0,0,0,0,7800
product145,20221110,0,0,0,,1,20221111,20221109,0,0,0,0,7791
product145,20221111,0,0,0,,1,20221114,20221110,1,0,0,0,7792
product145,20221114,0,0,0,,1,20221115,20221111,0,0,0,0,7793
product145,20221115,0,0,0,,1,20221116,20221114,0,0,0,0,7794
product145,20221116,0,0,0,,1,20221117,20221115,0,0,0,0,7795
product145,20221117,0,0,0,,1,20221118,20221116,0,0,0,0,7796
product145,20221118,0,0,0,,1,20221121,20221117,1,0,0,0,7797
product145,20221121,0,0,0,,1,20221122,20221118,0,0,0,0,7798
product145,20221122,0,0,0,,1,20221123,20221121,0,0,0,0,7799
product145,20221123,0,0,0,,1,20221124,20221122,0,0,0,0,7800
product146,20221110,0,0,0,,1,20221111,20221109,0,0,0,0,7791
product146,20221111,0,0,0,,1,20221114,20221110,1,0,0,0,7792
product146,20221114,0,0,0,,1,20221115,20221111,0,0,0,0,7793
product146,20221115,0,0,0,,1,20221116,20221114,0,0,0,0,7794
product146,20221116,0,0,0,,1,20221117,20221115,0,0,0,0,7795
product146,20221117,0,0,0,,1,20221118,20221116,0,0,0,0,7796
product146,20221118,0,0,0,,1,20221121,20221117,1,0,0,0,7797
product146,20221121,0,0,0,,1,20221122,20221118,0,0,0,0,7798
product146,20221122,0,0,0,,1,20221123,20221121,0,0,0,0,7799
product146,20221123,0,0,0,,1,20221124,20221122,0,0,0,0,7800
product147,20221110,0,0,0,,1,20221111,20221109,0,0,0,0,7791
product147,20221111,0,0,0,,1,20221114,20221110,1,0,0,0,7792
product147,20221114,0,0,0,,1,20221115,20221111,0,0,0,0,7793
product147,20221115,0,0,0,,1,20221116,20221114,0,0,0,0,7794
product147,20221116,0,0,0,,1,20221117,20221115,0,0,0,0,7795
product147,20221117,0,0,0,,1,20221118,20221116,0,0,0,0,7796
product147,20221118,0,0,0,,1,20221121,20221117,1,0,0,0,7797
product147,20221121,0,0,0,,1,20221122,20221118,0,0,0,0,7798
product147,20221122,0,0,0,,1,20221123,20221121,0,0,0,0,7799
product147,20221123,0,0,0,,1,20221124,20221122,0,0,0,0,7800
product148,20221110,0,0,0,,1,20221111,20221109,0,0,0,0,7791
product148,20221111,0,0,0,,1,20221114,20221110,1,0,0,0,7792
product148,20221114,0,0,0,,1,20221115,20221111,0,0,0,0,7793
product148,20221115,0,0,0,,1,20221116,20221114,0,0,0,0,7794
product148,20221116,0,0,0,,1,20221117,20221115,0,0,0,0,7795
product148,20221117,0,0,0,,1,20221118,20221116,0,0,0,0,7796
product148,20221118,0,0,0,,1,20221121,20221117,1,0,0,0,7797
product148,20221121,0,0,0,,1,20221122,20221118,0,0,0,0,7798
product148,20221122,0,0,0,,1,20221123,20221121,0,0,0,0,7799
product148,20221123,0,0,0,,1,20221124,20221122,0,0,0,0,7800
product149,20221110,0,0,0,,1,20221111,20221109,0,0,0,0,7791
product149,20221111,0,0,0,,1,20221114,20221110,1,0,0,0,7792
product149,20221114,0,0,0,,1,20221115,20221111,0,0,0,0,7793
product149,20221115,0,0,0,,1,20221116,20221114,0,0,0,0,7794
product149,20221116,0,0,0,,1,20221117,20221115,0,0,0,0,7795
product149,20221117,0,0,0,,1,20221118,20221116,0,0,0,0,7796
product149,20221118,0,0,0,,1,20221121,20221117,1,0,0,0,7797
product149,20221121,0,0,0,,1,20221122,20221118,0,0,0,0,7798
product149,20221122,0,0,0,,1,20221123,20221121,0,0,0,0,7799
product149,20221123,0,0,0,,1,20221124,20221122,0,0,0,0,7800
product15,20221110,0,0,0,,1,20221111,20221109,0,0,0,0,7791
product15,20221111,0,0,0,,1,20221114,20221110,1,0,0,0,7792
product15,20221114,0,0,0,,1,20221115,20221111,0,0,0,0,7793
product15,20221115,0,0,0,,1,20221116,20221114,0,0,0,0,7794
product15,20221116,0,0,0,,1,20221117,20221115,0,0,0,0,7795
product15,20221117,0,0,0,,1,20221118,20221116,0,0,0,0,7796
product15,20221118,0,0,0,,1,20221121,20221117,1,0,0,0,7797
product15,20221121,0,0,0,,1,20221122,20221118,0,0,0,0,7798
product15,20221122,0,0,0,,1,20221123,20221121,0,0,0,0,7799
product15,20221123,0,0,0,,1,20221124,20221122,0,0,0,0,7800
product150,20221110,0,0,0,,1,20221111,20221109,0,0,0,0,7791
product150,20221111,0,0,0,,1,20221114,20221110,1,0,0,0,7792
product150,20221114,0,0,0,,1,20221115,20221111,0,0,0,0,7793
product150,20221115,0,0,0,,1,20221116,20221114,0,0,0,0,7794
product150,20221116,0,0,0,,1,20221117,20221115,0,0,0,0,7795
product150,20221117,0,0,0,,1,20221118,20221116,0,0,0,0,7796
product150,20221118,0,0,0,,1,20221121,20221117,1,0,0,0,7797
product150,20221121,0,0,0,,1,20221122,20221118,0,0,0,0,7798
product150,20221122,0,0,0,,1,20221123,20221121,0,0,0,0,7799
product150,20221123,0,0,0,,1,20221124,20221122,0,0,0,0,7800
product151,20221110,0,0,0,,1,20221111,20221109,0,0,0,0,7791
product151,20221111,0,0,0,,1,20221114,20221110,1,0,0,0,7792
product151,20221114,0,0,0,,1,20221115,20221111,0,0,0,0,7793
product151,20221115,0,0,0,,1,20221116,20221114,0,0,0,0,7794
product151,20221116,0,0,0,,1,20221117,20221115,0,0,0,0,7795
product151,20221117,0,0,0,,1,20221118,20221116,0,0,0,0,7796
product151,20221118,0,0,0,,1,20221121,20221117,1,0,0,0,7797
product151,20221121,0,0,0,,1,20221122,20221118,0,0,0,0,7798
product151,20221122,0,0,0,,1,20221123,20221121,0,0,0,0,7799
product151,20221123,0,0,0,,1,20221124,20221122,0,0,0,0,7800
product152,20221110,0,0,0,,1,20221111,20221109,0,0,0,0,7791
product152,20221111,0,0,0,,1,20221114,20221110,1,0,0,0,7792
product152,20221114,0,0,0,,1,20221115,20221111,0,0,0,0,7793
product152,20221115,0,0,0,,1,20221116,20221114,0,0,0,0,7794
product152,20221116,0,0,0,,1,20221117,20221115,0,0,0,0,7795
product152,20221117,0,0,0,,1,20221118,20221116,0,0,0,0,7796
product152,20221118,0,0,0,,1,20221121,20221117,1,0,0,0,7797
product152,20221121,0,0,0,,1,20221122,20221118,0,0,0,0,7798
product152,20221122,0,0,0,,1,20221123,20221121,0,0,0,0,7799
product152,20221123,0,0,0,,1,20221124,20221122,0,0,0,0,7800
product153,20221110,0,0,0,,1,20221111,20221109,0,0,0,0,7791
product153,20221111,0,0,0,,1,20221114,20221110,1,0,0,0,7792
product153,20221114,0,0,0,,1,20221115,20221111,0,0,0,0,7793
product153,20221115,0,0,0,,1,20221116,20221114,0,0,0,0,7794
product153,20221116,0,0,0,,1,20221117,20221115,0,0,0,0,7795
product153,20221117,0,0,0,,1,20221118,20221116,0,0,0,0,7796
product153,20221118,0,0,0,,1,20221121,20221117,1,0,0,0,7797
product153,20221121,0,0,0,,1,20221122,20221118,0,0,0,0,7798
product153,20221122,0,0,0,,1,20221123,20221121,0,0,0,0,7799
product153,20221123,0,0,0,,1,20221124,20221122,0,0,0,0,7800
product155,20221110,0,0,0,,1,20221111,20221109,0,0,0,0,7791
product155,20221111,0,0,0,,1,20221114,20221110,1,0,0,0,7792
product155,20221114,0,0,0,,1,20221115,20221111,0,0,0,0,7793
product155,20221115,0,0,0,,1,20221116,20221114,0,0,0,0,7794
product155,20221116,0,0,0,,1,20221117,20221115,0,0,0,0,7795
product155,20221117,0,0,0,,1,20221118,20221116,0,0,0,0,7796
product155,20221118,0,0,0,,1,20221121,20221117,1,0,0,0,7797
product155,20221121,0,0,0,,1,20221122,20221118,0,0,0,0,7798
product155,20221122,0,0,0,,1,20221123,20221121,0,0,0,0,7799
product155,20221123,0,0,0,,1,20221124,20221122,0,0,0,0,7800
product156,20221110,0,0,0,,1,20221111,20221109,0,0,0,0,7791
product156,20221111,0,0,0,,1,20221114,20221110,1,0,0,0,7792
product156,20221114,0,0,0,,1,20221115,20221111,0,0,0,0,7793
product156,20221115,0,0,0,,1,20221116,20221114,0,0,0,0,7794
product156,20221116,0,0,0,,1,20221117,20221115,0,0,0,0,7795
product156,20221117,0,0,0,,1,20221118,20221116,0,0,0,0,7796
product156,20221118,0,0,0,,1,20221121,20221117,1,0,0,0,7797
product156,20221121,0,0,0,,1,20221122,20221118,0,0,0,0,7798
product156,20221122,0,0,0,,1,20221123,20221121,0,0,0,0,7799
product156,20221123,0,0,0,,1,20221124,20221122,0,0,0,0,7800
product157,20221110,0,0,0,,1,20221111,20221109,0,0,0,0,7791
product157,20221111,0,0,0,,1,20221114,20221110,1,0,0,0,7792
product157,20221114,0,0,0,,1,20221115,20221111,0,0,0,0,7793
product157,20221115,0,0,0,,1,20221116,20221114,0,0,0,0,7794
product157,20221116,0,0,0,,1,20221117,20221115,0,0,0,0,7795
product157,20221117,0,0,0,,1,20221118,20221116,0,0,0,0,7796
product157,20221118,0,0,0,,1,20221121,20221117,1,0,0,0,7797
product157,20221121,0,0,0,,1,20221122,20221118,0,0,0,0,7798
product157,20221122,0,0,0,,1,20221123,20221121,0,0,0,0,7799
product157,20221123,0,0,0,,1,20221124,20221122,0,0,0,0,7800
product16,20221110,0,0,0,,1,20221111,20221109,0,0,0,0,7791
product16,20221111,0,0,0,,1,20221114,20221110,1,0,0,0,7792
product16,20221114,0,0,0,,1,20221115,20221111,0,0,0,0,7793
product16,20221115,0,0,0,,1,20221116,20221114,0,0,0,0,7794
product16,20221116,0,0,0,,1,20221117,20221115,0,0,0,0,7795
product16,20221117,0,0,0,,1,20221118,20221116,0,0,0,0,7796
product16,20221118,0,0,0,,1,20221121,20221117,1,0,0,0,7797
product16,20221121,0,0,0,,1,20221122,20221118,0,0,0,0,7798
product16,20221122,0,0,0,,1,20221123,20221121,0,0,0,0,7799
product16,20221123,0,0,0,,1,20221124,20221122,0,0,0,0,7800
product17,20221110,0,0,0,,1,20221111,20221109,0,0,0,0,7791
product17,20221111,0,0,0,,1,20221114,20221110,1,0,0,0,7792
product17,20221114,0,0,0,,1,20221115,20221111,0,0,0,0,7793
product17,20221115,0,0,0,,1,20221116,20221114,0,0,0,0,7794
product17,20221116,0,0,0,,1,20221117,20221115,0,0,0,0,7795
product17,20221117,0,0,0,,1,20221118,20221116,0,0,0,0,7796
product17,20221118,0,0,0,,1,20221121,20221117,1,0,0,0,7797
product17,20221121,0,0,0,,1,20221122,20221118,0,0,0,0,7798
product17,20221122,0,0,0,,1,20221123,20221121,0,0,0,0,7799
product17,20221123,0,0,0,,1,20221124,20221122,0,0,0,0,7800
product19,20221110,0,0,0,,1,20221111,20221109,0,0,0,0,7791
product19,20221111,0,0,0,,1,20221114,20221110,1,0,0,0,7792
product19,20221114,0,0,0,,1,20221115,20221111,0,0,0,0,7793
product19,20221115,0,0,0,,1,20221116,20221114,0,0,0,0,7794
product19,20221116,0,0,0,,1,20221117,20221115,0,0,0,0,7795
product19,20221117,0,0,0,,1,20221118,20221116,0,0,0,0,7796
product19,20221118,0,0,0,,1,20221121,20221117,1,0,0,0,7797
product19,20221121,0,0,0,,1,20221122,20221118,0,0,0,0,7798
product19,20221122,0,0,0,,1,20221123,20221121,0,0,0,0,7799
product19,20221123,0,0,0,,1,20221124,20221122,0,0,0,0,7800
product2,20221110,0,0,0,,1,20221111,20221109,0,0,0,0,7791
product2,20221111,0,0,0,,1,20221114,20221110,1,0,0,0,7792
product2,20221114,0,0,0,,1,20221115,20221111,0,0,0,0,7793
product2,20221115,0,0,0,,1,20221116,20221114,0,0,0,0,7794
product2,20221116,0,0,0,,1,20221117,20221115,0,0,0,0,7795
product2,20221117,0,0,0,,1,20221118,20221116,0,0,0,0,7796
product2,20221118,0,0,0,,1,20221121,20221117,1,0,0,0,7797
product2,20221121,0,0,0,,1,20221122,20221118,0,0,0,0,7798
product2,20221122,0,0,0,,1,20221123,20221121,0,0,0,0,7799
product2,20221123,0,0,0,,1,20221124,20221122,0,0,0,0,7800
product20,20221110,0,0,0,,1,20221111,20221109,0,0,0,0,7791
product20,20221111,0,0,0,,1,20221114,20221110,1,0,0,0,7792
product20,20221114,0,0,0,,1,20221115,20221111,0,0,0,0,7793
product20,20221115,0,0,0,,1,20221116,20221114,0,0,0,0,7794
product20,20221116,0,0,0,,1,20221117,20221115,0,0,0,0,7795
product20,20221117,0,0,0,,1,20221118,20221116,0,0,0,0,7796
product20,20221118,0,0,0,,1,20221121,20221117,1,0,0,0,7797
product20,20221121,0,0,0,,1,20221122,20221118,0,0,0,0,7798
product20,20221122,0,0,0,,1,20221123,20221121,0,0,0,0,7799
product20,20221123,0,0,0,,1,20221124,20221122,0,0,0,0,7800
product24,20221110,0,0,0,,1,20221111,20221109,0,0,0,0,7791
product24,20221111,0,0,0,,1,20221114,20221110,1,0,0,0,7792
product24,20221114,0,0,0,,1,20221115,20221111,0,0,0,0,7793
product24,20221115,0,0,0,,1,20221116,20221114,0,0,0,0,7794
product24,20221116,0,0,0,,1,20221117,20221115,0,0,0,0,7795
product24,20221117,0,0,0,,1,20221118,20221116,0,0,0,0,7796
product24,20221118,0,0,0,,1,20221121,20221117,1,0,0,0,7797
product24,20221121,0,0,0,,1,20221122,20221118,0,0,0,0,7798
product24,20221122,0,0,0,,1,20221123,20221121,0,0,0,0,7799
product24,20221123,0,0,0,,1,20221124,20221122,0,0,0,0,7800
product26,20221110,0,0,0,,1,20221111,20221109,0,0,0,0,7791
product26,20221111,0,0,0,,1,20221114,20221110,1,0,0,0,7792
product26,20221114,0,0,0,,1,20221115,20221111,0,0,0,0,7793
product26,20221115,0,0,0,,1,20221116,20221114,0,0,0,0,7794
product26,20221116,0,0,0,,1,20221117,20221115,0,0,0,0,7795
product26,20221117,0,0,0,,1,20221118,20221116,0,0,0,0,7796
product26,20221118,0,0,0,,1,20221121,20221117,1,0,0,0,7797
product26,20221121,0,0,0,,1,20221122,20221118,0,0,0,0,7798
product26,20221122,0,0,0,,1,20221123,20221121,0,0,0,0,7799
product26,20221123,0,0,0,,1,20221124,20221122,0,0,0,0,7800
product27,20221110,0,0,0,,1,20221111,20221109,0,0,0,0,7791
product27,20221111,0,0,0,,1,20221114,20221110,1,0,0,0,7792
product27,20221114,0,0,0,,1,20221115,20221111,0,0,0,0,7793
product27,20221115,0,0,0,,1,20221116,20221114,0,0,0,0,7794
product27,20221116,0,0,0,,1,20221117,20221115,0,0,0,0,7795
product27,20221117,0,0,0,,1,20221118,20221116,0,0,0,0,7796
product27,20221118,0,0,0,,1,20221121,20221117,1,0,0,0,7797
product27,20221121,0,0,0,,1,20221122,20221118,0,0,0,0,7798
product27,20221122,0,0,0,,1,20221123,20221121,0,0,0,0,7799
product27,20221123,0,0,0,,1,20221124,20221122,0,0,0,0,7800
product28,20221110,0,0,0,,1,20221111,20221109,0,0,0,0,7791
product28,20221111,0,0,0,,1,20221114,20221110,1,0,0,0,7792
product28,20221114,0,0,0,,1,20221115,20221111,0,0,0,0,7793
product28,20221115,0,0,0,,1,20221116,20221114,0,0,0,0,7794
product28,20221116,0,0,0,,1,20221117,20221115,0,0,0,0,7795
product28,20221117,0,0,0,,1,20221118,20221116,0,0,0,0,7796
product28,20221118,0,0,0,,1,20221121,20221117,1,0,0,0,7797
product28,20221121,0,0,0,,1,20221122,20221118,0,0,0,0,7798
product28,20221122,0,0,0,,1,20221123,20221121,0,0,0,0,7799
product28,20221123,0,0,0,,1,20221124,20221122,0,0,0,0,7800
product29,20221110,0,0,0,,1,20221111,20221109,0,0,0,0,7791
product29,20221111,0,0,0,,1,20221114,20221110,1,0,0,0,7792
product29,20221114,0,0,0,,1,20221115,20221111,0,0,0,0,7793
product29,20221115,0,0,0,,1,20221116,20221114,0,0,0,0,7794
product29,20221116,0,0,0,,1,20221117,20221115,0,0,0,0,7795
product29,20221117,0,0,0,,1,20221118,20221116,0,0,0,0,7796
product29,20221118,0,0,0,,1,20221121,20221117,1,0,0,0,7797
product29,20221121,0,0,0,,1,20221122,20221118,0,0,0,0,7798
product29,20221122,0,0,0,,1,20221123,20221121,0,0,0,0,7799
product29,20221123,0,0,0,,1,20221124,20221122,0,0,0,0,7800
product3,20221110,0,0,0,,1,20221111,20221109,0,0,0,0,7791
product3,20221111,0,0,0,,1,20221114,20221110,1,0,0,0,7792
product3,20221114,0,0,0,,1,20221115,20221111,0,0,0,0,7793
product3,20221115,0,0,0,,1,20221116,20221114,0,0,0,0,7794
product3,20221116,0,0,0,,1,20221117,20221115,0,0,0,0,7795
product3,20221117,0,0,0,,1,20221118,20221116,0,0,0,0,7796
product3,20221118,0,0,0,,1,20221121,20221117,1,0,0,0,7797
product3,20221121,0,0,0,,1,20221122,20221118,0,0,0,0,7798
product3,20221122,0,0,0,,1,20221123,20221121,0,0,0,0,7799
product3,20221123,0,0,0,,1,20221124,20221122,0,0,0,0,7800
product30,20221110,0,0,0,,1,20221111,20221109,0,0,0,0,7791
product30,20221111,0,0,0,,1,20221114,20221110,1,0,0,0,7792
product30,20221114,0,0,0,,1,20221115,20221111,0,0,0,0,7793
product30,20221115,0,0,0,,1,20221116,20221114,0,0,0,0,7794
product30,20221116,0,0,0,,1,20221117,20221115,0,0,0,0,7795
product30,20221117,0,0,0,,1,20221118,20221116,0,0,0,0,7796
product30,20221118,0,0,0,,1,20221121,20221117,1,0,0,0,7797
product30,20221121,0,0,0,,1,20221122,20221118,0,0,0,0,7798
product30,20221122,0,0,0,,1,20221123,20221121,0,0,0,0,7799
product30,20221123,0,0,0,,1,20221124,20221122,0,0,0,0,7800
product31,20221110,0,0,0,,1,20221111,20221109,0,0,0,0,7791
product31,20221111,0,0,0,,1,20221114,20221110,1,0,0,0,7792
product31,20221114,0,0,0,,1,20221115,20221111,0,0,0,0,7793
product31,20221115,0,0,0,,1,20221116,20221114,0,0,0,0,7794
product31,20221116,0,0,0,,1,20221117,20221115,0,0,0,0,7795
product31,20221117,0,0,0,,1,20221118,20221116,0,0,0,0,7796
product31,20221118,0,0,0,,1,20221121,20221117,1,0,0,0,7797
product31,20221121,0,0,0,,1,20221122,20221118,0,0,0,0,7798
product31,20221122,0,0,0,,1,20221123,20221121,0,0,0,0,7799
product31,20221123,0,0,0,,1,20221124,20221122,0,0,0,0,7800
product32,20221110,0,0,0,,1,20221111,20221109,0,0,0,0,7791
product32,20221111,0,0,0,,1,20221114,20221110,1,0,0,0,7792
product32,20221114,0,0,0,,1,20221115,20221111,0,0,0,0,7793
product32,20221115,0,0,0,,1,20221116,20221114,0,0,0,0,7794
product32,20221116,0,0,0,,1,20221117,20221115,0,0,0,0,7795
product32,20221117,0,0,0,,1,20221118,20221116,0,0,0,0,7796
product32,20221118,0,0,0,,1,20221121,20221117,1,0,0,0,7797
product32,20221121,0,0,0,,1,20221122,20221118,0,0,0,0,7798
product32,20221122,0,0,0,,1,20221123,20221121,0,0,0,0,7799
product32,20221123,0,0,0,,1,20221124,20221122,0,0,0,0,7800
product33,20221110,0,0,0,,1,20221111,20221109,0,0,0,0,7791
product33,20221111,0,0,0,,1,20221114,20221110,1,0,0,0,7792
product33,20221114,0,0,0,,1,20221115,20221111,0,0,0,0,7793
product33,20221115,0,0,0,,1,20221116,20221114,0,0,0,0,7794
product33,20221116,0,0,0,,1,20221117,20221115,0,0,0,0,7795
product33,20221117,0,0,0,,1,20221118,20221116,0,0,0,0,7796
product33,20221118,0,0,0,,1,20221121,20221117,1,0,0,0,7797
product33,20221121,0,0,0,,1,20221122,20221118,0,0,0,0,7798
product33,20221122,0,0,0,,1,20221123,20221121,0,0,0,0,7799
product33,20221123,0,0,0,,1,20221124,20221122,0,0,0,0,7800
product34,20221110,0,0,0,,1,20221111,20221109,0,0,0,0,7791
product34,20221111,0,0,0,,1,20221114,20221110,1,0,0,0,7792
product34,20221114,0,0,0,,1,20221115,20221111,0,0,0,0,7793
product34,20221115,0,0,0,,1,20221116,20221114,0,0,0,0,7794
product34,20221116,0,0,0,,1,20221117,20221115,0,0,0,0,7795
product34,20221117,0,0,0,,1,20221118,20221116,0,0,0,0,7796
product34,20221118,0,0,0,,1,20221121,20221117,1,0,0,0,7797
product34,20221121,0,0,0,,1,20221122,20221118,0,0,0,0,7798
product34,20221122,0,0,0,,1,20221123,20221121,0,0,0,0,7799
product34,20221123,0,0,0,,1,20221124,20221122,0,0,0,0,7800
product35,20221110,0,0,0,,1,20221111,20221109,0,0,0,0,7791
product35,20221111,0,0,0,,1,20221114,20221110,1,0,0,0,7792
product35,20221114,0,0,0,,1,20221115,20221111,0,0,0,0,7793
product35,20221115,0,0,0,,1,20221116,20221114,0,0,0,0,7794
product35,20221116,0,0,0,,1,20221117,20221115,0,0,0,0,7795
product35,20221117,0,0,0,,1,20221118,20221116,0,0,0,0,7796
product35,20221118,0,0,0,,1,20221121,20221117,1,0,0,0,7797
product35,20221121,0,0,0,,1,20221122,20221118,0,0,0,0,7798
product35,20221122,0,0,0,,1,20221123,20221121,0,0,0,0,7799
product35,20221123,0,0,0,,1,20221124,20221122,0,0,0,0,7800
product37,20221110,0,0,0,,1,20221111,20221109,0,0,0,0,7791
product37,20221111,0,0,0,,1,20221114,20221110,1,0,0,0,7792
product37,20221114,0,0,0,,1,20221115,20221111,0,0,0,0,7793
product37,20221115,0,0,0,,1,20221116,20221114,0,0,0,0,7794
product37,20221116,0,0,0,,1,20221117,20221115,0,0,0,0,7795
product37,20221117,0,0,0,,1,20221118,20221116,0,0,0,0,7796
product37,20221118,0,0,0,,1,20221121,20221117,1,0,0,0,7797
product37,20221121,0,0,0,,1,20221122,20221118,0,0,0,0,7798
product37,20221122,0,0,0,,1,20221123,20221121,0,0,0,0,7799
product37,20221123,0,0,0,,1,20221124,20221122,0,0,0,0,7800
product38,20221110,0,0,0,,1,20221111,20221109,0,0,0,0,7791
product38,20221111,0,0,0,,1,20221114,20221110,1,0,0,0,7792
product38,20221114,0,0,0,,1,20221115,20221111,0,0,0,0,7793
product38,20221115,0,0,0,,1,20221116,20221114,0,0,0,0,7794
product38,20221116,0,0,0,,1,20221117,20221115,0,0,0,0,7795
product38,20221117,0,0,0,,1,20221118,20221116,0,0,0,0,7796
product38,20221118,0,0,0,,1,20221121,20221117,1,0,0,0,7797
product38,20221121,0,0,0,,1,20221122,20221118,0,0,0,0,7798
product38,20221122,0,0,0,,1,20221123,20221121,0,0,0,0,7799
product38,20221123,0,0,0,,1,20221124,20221122,0,0,0,0,7800
product39,20221110,0,0,0,,1,20221111,20221109,0,0,0,0,7791
product39,20221111,0,0,0,,1,20221114,20221110,1,0,0,0,7792
product39,20221114,0,0,0,,1,20221115,20221111,0,0,0,0,7793
product39,20221115,0,0,0,,1,20221116,20221114,0,0,0,0,7794
product39,20221116,0,0,0,,1,20221117,20221115,0,0,0,0,7795
product39,20221117,0,0,0,,1,20221118,20221116,0,0,0,0,7796
product39,20221118,0,0,0,,1,20221121,20221117,1,0,0,0,7797
product39,20221121,0,0,0,,1,20221122,20221118,0,0,0,0,7798
product39,20221122,0,0,0,,1,20221123,20221121,0,0,0,0,7799
product39,20221123,0,0,0,,1,20221124,20221122,0,0,0,0,7800
product40,20221110,0,0,0,,1,20221111,20221109,0,0,0,0,7791
product40,20221111,0,0,0,,1,20221114,20221110,1,0,0,0,7792
product40,20221114,0,0,0,,1,20221115,20221111,0,0,0,0,7793
product40,20221115,0,0,0,,1,20221116,20221114,0,0,0,0,7794
product40,20221116,0,0,0,,1,20221117,20221115,0,0,0,0,7795
product40,20221117,0,0,0,,1,20221118,20221116,0,0,0,0,7796
product40,20221118,0,0,0,,1,20221121,20221117,1,0,0,0,7797
product40,20221121,0,0,0,,1,20221122,20221118,0,0,0,0,7798
product40,20221122,0,0,0,,1,20221123,20221121,0,0,0,0,7799
product40,20221123,0,0,0,,1,20221124,20221122,0,0,0,0,7800
product41,20221110,0,0,0,,1,20221111,20221109,0,0,0,0,7791
product41,20221111,0,0,0,,1,20221114,20221110,1,0,0,0,7792
product41,20221114,0,0,0,,1,20221115,20221111,0,0,0,0,7793
product41,20221115,0,0,0,,1,20221116,20221114,0,0,0,0,7794
product41,20221116,0,0,0,,1,20221117,20221115,0,0,0,0,7795
product41,20221117,0,0,0,,1,20221118,20221116,0,0,0,0,7796
product41,20221118,0,0,0,,1,20221121,20221117,1,0,0,0,7797
product41,20221121,0,0,0,,1,20221122,20221118,0,0,0,0,7798
product41,20221122,0,0,0,,1,20221123,20221121,0,0,0,0,7799
product41,20221123,0,0,0,,1,20221124,20221122,0,0,0,0,7800
product42,20221110,0,0,0,,1,20221111,20221109,0,0,0,0,7791
product42,20221111,0,0,0,,1,20221114,20221110,1,0,0,0,7792
product42,20221114,0,0,0,,1,20221115,20221111,0,0,0,0,7793
product42,20221115,0,0,0,,1,20221116,20221114,0,0,0,0,7794
product42,20221116,0,0,0,,1,20221117,20221115,0,0,0,0,7795
product42,20221117,0,0,0,,1,20221118,20221116,0,0,0,0,7796
product42,20221118,0,0,0,,1,20221121,20221117,1,0,0,0,7797
product42,20221121,0,0,0,,1,20221122,20221118,0,0,0,0,7798
product42,20221122,0,0,0,,1,20221123,20221121,0,0,0,0,7799
product42,20221123,0,0,0,,1,20221124,20221122,0,0,0,0,7800
product43,20221110,0,0,0,,1,20221111,20221109,0,0,0,0,7791
product43,20221111,0,0,0,,1,20221114,20221110,1,0,0,0,7792
product43,20221114,0,0,0,,1,20221115,20221111,0,0,0,0,7793
product43,20221115,0,0,0,,1,20221116,20221114,0,0,0,0,7794
product43,20221116,0,0,0,,1,20221117,20221115,0,0,0,0,7795
product43,20221117,0,0,0,,1,20221118,20221116,0,0,0,0,7796
product43,20221118,0,0,0,,1,20221121,20221117,1,0,0,0,7797
product43,20221121,0,0,0,,1,20221122,20221118,0,0,0,0,7798
product43,20221122,0,0,0,,1,20221123,20221121,0,0,0,0,7799
product43,20221123,0,0,0,,1,20221124,20221122,0,0,0,0,7800
product45,20221110,0,0,0,,1,20221111,20221109,0,0,0,0,7791
product45,20221111,0,0,0,,1,20221114,20221110,1,0,0,0,7792
product45,20221114,0,0,0,,1,20221115,20221111,0,0,0,0,7793
product45,20221115,0,0,0,,1,20221116,20221114,0,0,0,0,7794
product45,20221116,0,0,0,,1,20221117,20221115,0,0,0,0,7795
product45,20221117,0,0,0,,1,20221118,20221116,0,0,0,0,7796
product45,20221118,0,0,0,,1,20221121,20221117,1,0,0,0,7797
product45,20221121,0,0,0,,1,20221122,20221118,0,0,0,0,7798
product45,20221122,0,0,0,,1,20221123,20221121,0,0,0,0,7799
product45,20221123,0,0,0,,1,20221124,20221122,0,0,0,0,7800
product46,20221110,0,0,0,,1,20221111,20221109,0,0,0,0,7791
product46,20221111,0,0,0,,1,20221114,20221110,1,0,0,0,7792
product46,20221114,0,0,0,,1,20221115,20221111,0,0,0,0,7793
product46,20221115,0,0,0,,1,20221116,20221114,0,0,0,0,7794
product46,20221116,0,0,0,,1,20221117,20221115,0,0,0,0,7795
product46,20221117,0,0,0,,1,20221118,20221116,0,0,0,0,7796
product46,20221118,0,0,0,,1,20221121,20221117,1,0,0,0,7797
product46,20221121,0,0,0,,1,20221122,20221118,0,0,0,0,7798
product46,20221122,0,0,0,,1,20221123,20221121,0,0,0,0,7799
product46,20221123,0,0,0,,1,20221124,20221122,0,0,0,0,7800
product47,20221110,0,0,0,,1,20221111,20221109,0,0,0,0,7791
product47,20221111,0,0,0,,1,20221114,20221110,1,0,0,0,7792
product47,20221114,0,0,0,,1,20221115,20221111,0,0,0,0,7793
product47,20221115,0,0,0,,1,20221116,20221114,0,0,0,0,7794
product47,20221116,0,0,0,,1,20221117,20221115,0,0,0,0,7795
product47,20221117,0,0,0,,1,20221118,20221116,0,0,0,0,7796
product47,20221118,0,0,0,,1,20221121,20221117,1,0,0,0,7797
product47,20221121,0,0,0,,1,20221122,20221118,0,0,0,0,7798
product47,20221122,0,0,0,,1,20221123,20221121,0,0,0,0,7799
product47,20221123,0,0,0,,1,20221124,20221122,0,0,0,0,7800
product48,20221110,0,0,0,,1,20221111,20221109,0,0,0,0,7791
product48,20221111,0,0,0,,1,20221114,20221110,1,0,0,0,7792
product48,20221114,0,0,0,,1,20221115,20221111,0,0,0,0,7793
product48,20221115,0,0,0,,1,20221116,20221114,0,0,0,0,7794
product48,20221116,0,0,0,,1,20221117,20221115,0,0,0,0,7795
product48,20221117,0,0,0,,1,20221118,20221116,0,0,0,0,7796
product48,20221118,0,0,0,,1,20221121,20221117,1,0,0,0,7797
product48,20221121,0,0,0,,1,20221122,20221118,0,0,0,0,7798
product48,20221122,0,0,0,,1,20221123,20221121,0,0,0,0,7799
product48,20221123,0,0,0,,1,20221124,20221122,0,0,0,0,7800
product49,20221110,0,0,0,,1,20221111,20221109,0,0,0,0,7791
product49,20221111,0,0,0,,1,20221114,20221110,1,0,0,0,7792
product49,20221114,0,0,0,,1,20221115,20221111,0,0,0,0,7793
product49,20221115,0,0,0,,1,20221116,20221114,0,0,0,0,7794
product49,20221116,0,0,0,,1,20221117,20221115,0,0,0,0,7795
product49,20221117,0,0,0,,1,20221118,20221116,0,0,0,0,7796
product49,20221118,0,0,0,,1,20221121,20221117,1,0,0,0,7797
product49,20221121,0,0,0,,1,20221122,20221118,0,0,0,0,7798
product49,20221122,0,0,0,,1,20221123,20221121,0,0,0,0,7799
product49,20221123,0,0,0,,1,20221124,20221122,0,0,0,0,7800
product50,20221110,0,0,0,,1,20221111,20221109,0,0,0,0,7791
product50,20221111,0,0,0,,1,20221114,20221110,1,0,0,0,7792
product50,20221114,0,0,0,,1,20221115,20221111,0,0,0,0,7793
product50,20221115,0,0,0,,1,20221116,20221114,0,0,0,0,7794
product50,20221116,0,0,0,,1,20221117,20221115,0,0,0,0,7795
product50,20221117,0,0,0,,1,20221118,20221116,0,0,0,0,7796
product50,20221118,0,0,0,,1,20221121,20221117,1,0,0,0,7797
product50,20221121,0,0,0,,1,20221122,20221118,0,0,0,0,7798
product50,20221122,0,0,0,,1,20221123,20221121,0,0,0,0,7799
product50,20221123,0,0,0,,1,20221124,20221122,0,0,0,0,7800
product51,20221110,0,0,0,,1,20221111,20221109,0,0,0,0,7791
product51,20221111,0,0,0,,1,20221114,20221110,1,0,0,0,7792
product51,20221114,0,0,0,,1,20221115,20221111,0,0,0,0,7793
product51,20221115,0,0,0,,1,20221116,20221114,0,0,0,0,7794
product51,20221116,0,0,0,,1,20221117,20221115,0,0,0,0,7795
product51,20221117,0,0,0,,1,20221118,20221116,0,0,0,0,7796
product51,20221118,0,0,0,,1,20221121,20221117,1,0,0,0,7797
product51,20221121,0,0,0,,1,20221122,20221118,0,0,0,0,7798
product51,20221122,0,0,0,,1,20221123,20221121,0,0,0,0,7799
product51,20221123,0,0,0,,1,20221124,20221122,0,0,0,0,7800
product52,20221110,0,0,0,,1,20221111,20221109,0,0,0,0,7791
product52,20221111,0,0,0,,1,20221114,20221110,1,0,0,0,7792
product52,20221114,0,0,0,,1,20221115,20221111,0,0,0,0,7793
product52,20221115,0,0,0,,1,20221116,20221114,0,0,0,0,7794
product52,20221116,0,0,0,,1,20221117,20221115,0,0,0,0,7795
product52,20221117,0,0,0,,1,20221118,20221116,0,0,0,0,7796
product52,20221118,0,0,0,,1,20221121,20221117,1,0,0,0,7797
product52,20221121,0,0,0,,1,20221122,20221118,0,0,0,0,7798
product52,20221122,0,0,0,,1,20221123,20221121,0,0,0,0,7799
product52,20221123,0,0,0,,1,20221124,20221122,0,0,0,0,7800
product53,20221110,0,0,0,,1,20221111,20221109,0,0,0,0,7791
product53,20221111,0,0,0,,1,20221114,20221110,1,0,0,0,7792
product53,20221114,0,0,0,,1,20221115,20221111,0,0,0,0,7793
product53,20221115,0,0,0,,1,20221116,20221114,0,0,0,0,7794
product53,20221116,0,0,0,,1,20221117,20221115,0,0,0,0,7795
product53,20221117,0,0,0,,1,20221118,20221116,0,0,0,0,7796
product53,20221118,0,0,0,,1,20221121,20221117,1,0,0,0,7797
product53,20221121,0,0,0,,1,20221122,20221118,0,0,0,0,7798
product53,20221122,0,0,0,,1,20221123,20221121,0,0,0,0,7799
product53,20221123,0,0,0,,1,20221124,20221122,0,0,0,0,7800
product54,20221110,0,0,0,,1,20221111,20221109,0,0,0,0,7791
product54,20221111,0,0,0,,1,20221114,20221110,1,0,0,0,7792
product54,20221114,0,0,0,,1,20221115,20221111,0,0,0,0,7793
product54,20221115,0,0,0,,1,20221116,20221114,0,0,0,0,7794
product54,20221116,0,0,0,,1,20221117,20221115,0,0,0,0,7795
product54,20221117,0,0,0,,1,20221118,20221116,0,0,0,0,7796
product54,20221118,0,0,0,,1,20221121,20221117,1,0,0,0,7797
product54,20221121,0,0,0,,1,20221122,20221118,0,0,0,0,7798
product54,20221122,0,0,0,,1,20221123,20221121,0,0,0,0,7799
product54,20221123,0,0,0,,1,20221124,20221122,0,0,0,0,7800
product55,20221110,0,0,0,,1,20221111,20221109,0,0,0,0,7791
product55,20221111,0,0,0,,1,20221114,20221110,1,0,0,0,7792
product55,20221114,0,0,0,,1,20221115,20221111,0,0,0,0,7793
product55,20221115,0,0,0,,1,20221116,20221114,0,0,0,0,7794
product55,20221116,0,0,0,,1,20221117,20221115,0,0,0,0,7795
product55,20221117,0,0,0,,1,20221118,20221116,0,0,0,0,7796
product55,20221118,0,0,0,,1,20221121,20221117,1,0,0,0,7797
product55,20221121,0,0,0,,1,20221122,20221118,0,0,0,0,7798
product55,20221122,0,0,0,,1,20221123,20221121,0,0,0,0,7799
product55,20221123,0,0,0,,1,20221124,20221122,0,0,0,0,7800
product56,20221110,0,0,0,,1,20221111,20221109,0,0,0,0,7791
product56,20221111,0,0,0,,1,20221114,20221110,1,0,0,0,7792
product56,20221114,0,0,0,,1,20221115,20221111,0,0,0,0,7793
product56,20221115,0,0,0,,1,20221116,20221114,0,0,0,0,7794
product56,20221116,0,0,0,,1,20221117,20221115,0,0,0,0,7795
product56,20221117,0,0,0,,1,20221118,20221116,0,0,0,0,7796
product56,20221118,0,0,0,,1,20221121,20221117,1,0,0,0,7797
product56,20221121,0,0,0,,1,20221122,20221118,0,0,0,0,7798
product56,20221122,0,0,0,,1,20221123,20221121,0,0,0,0,7799
product56,20221123,0,0,0,,1,20221124,20221122,0,0,0,0,7800
product57,20221110,0,0,0,,1,20221111,20221109,0,0,0,0,7791
product57,20221111,0,0,0,,1,20221114,20221110,1,0,0,0,7792
product57,20221114,0,0,0,,1,20221115,20221111,0,0,0,0,7793
product57,20221115,0,0,0,,1,20221116,20221114,0,0,0,0,7794
product57,20221116,0,0,0,,1,20221117,20221115,0,0,0,0,7795
product57,20221117,0,0,0,,1,20221118,20221116,0,0,0,0,7796
product57,20221118,0,0,0,,1,20221121,20221117,1,0,0,0,7797
product57,20221121,0,0,0,,1,20221122,20221118,0,0,0,0,7798
product57,20221122,0,0,0,,1,20221123,20221121,0,0,0,0,7799
product57,20221123,0,0,0,,1,20221124,20221122,0,0,0,0,7800
product58,20221110,0,0,0,,1,20221111,20221109,0,0,0,0,7791
product58,20221111,0,0,0,,1,20221114,20221110,1,0,0,0,7792
product58,20221114,0,0,0,,1,20221115,20221111,0,0,0,0,7793
product58,20221115,0,0,0,,1,20221116,20221114,0,0,0,0,7794
product58,20221116,0,0,0,,1,20221117,20221115,0,0,0,0,7795
product58,20221117,0,0,0,,1,20221118,20221116,0,0,0,0,7796
product58,20221118,0,0,0,,1,20221121,20221117,1,0,0,0,7797
product58,20221121,0,0,0,,1,20221122,20221118,0,0,0,0,7798
product58,20221122,0,0,0,,1,20221123,20221121,0,0,0,0,7799
product58,20221123,0,0,0,,1,20221124,20221122,0,0,0,0,7800
product59,20221110,0,0,0,,1,20221111,20221109,0,0,0,0,7791
product59,20221111,0,0,0,,1,20221114,20221110,1,0,0,0,7792
product59,20221114,0,0,0,,1,20221115,20221111,0,0,0,0,7793
product59,20221115,0,0,0,,1,20221116,20221114,0,0,0,0,7794
product59,20221116,0,0,0,,1,20221117,20221115,0,0,0,0,7795
product59,20221117,0,0,0,,1,20221118,20221116,0,0,0,0,7796
product59,20221118,0,0,0,,1,20221121,20221117,1,0,0,0,7797
product59,20221121,0,0,0,,1,20221122,20221118,0,0,0,0,7798
product59,20221122,0,0,0,,1,20221123,20221121,0,0,0,0,7799
product59,20221123,0,0,0,,1,20221124,20221122,0,0,0,0,7800
product6,20221110,0,0,0,,1,20221111,20221109,0,0,0,0,7791
product6,20221111,0,0,0,,1,20221114,20221110,1,0,0,0,7792
product6,20221114,0,0,0,,1,20221115,20221111,0,0,0,0,7793
product6,20221115,0,0,0,,1,20221116,20221114,0,0,0,0,7794
product6,20221116,0,0,0,,1,20221117,20221115,0,0,0,0,7795
product6,20221117,0,0,0,,1,20221118,20221116,0,0,0,0,7796
product6,20221118,0,0,0,,1,20221121,20221117,1,0,0,0,7797
product6,20221121,0,0,0,,1,20221122,20221118,0,0,0,0,7798
product6,20221122,0,0,0,,1,20221123,20221121,0,0,0,0,7799
product6,20221123,0,0,0,,1,20221124,20221122,0,0,0,0,7800
product60,20221110,0,0,0,,1,20221111,20221109,0,0,0,0,7791
product60,20221111,0,0,0,,1,20221114,20221110,1,0,0,0,7792
product60,20221114,0,0,0,,1,20221115,20221111,0,0,0,0,7793
product60,20221115,0,0,0,,1,20221116,20221114,0,0,0,0,7794
product60,20221116,0,0,0,,1,20221117,20221115,0,0,0,0,7795
product60,20221117,0,0,0,,1,20221118,20221116,0,0,0,0,7796
product60,20221118,0,0,0,,1,20221121,20221117,1,0,0,0,7797
product60,20221121,0,0,0,,1,20221122,20221118,0,0,0,0,7798
product60,20221122,0,0,0,,1,20221123,20221121,0,0,0,0,7799
product60,20221123,0,0,0,,1,20221124,20221122,0,0,0,0,7800
product61,20221110,0,0,0,,1,20221111,20221109,0,0,0,0,7791
product61,20221111,0,0,0,,1,20221114,20221110,1,0,0,0,7792
product61,20221114,0,0,0,,1,20221115,20221111,0,0,0,0,7793
product61,20221115,0,0,0,,1,20221116,20221114,0,0,0,0,7794
product61,20221116,0,0,0,,1,20221117,20221115,0,0,0,0,7795
product61,20221117,0,0,0,,1,20221118,20221116,0,0,0,0,7796
product61,20221118,0,0,0,,1,20221121,20221117,1,0,0,0,7797
product61,20221121,0,0,0,,1,20221122,20221118,0,0,0,0,7798
product61,20221122,0,0,0,,1,20221123,20221121,0,0,0,0,7799
product61,20221123,0,0,0,,1,20221124,20221122,0,0,0,0,7800
product62,20221110,0,0,0,,1,20221111,20221109,0,0,0,0,7791
product62,20221111,0,0,0,,1,20221114,20221110,1,0,0,0,7792
product62,20221114,0,0,0,,1,20221115,20221111,0,0,0,0,7793
product62,20221115,0,0,0,,1,20221116,20221114,0,0,0,0,7794
product62,20221116,0,0,0,,1,20221117,20221115,0,0,0,0,7795
product62,20221117,0,0,0,,1,20221118,20221116,0,0,0,0,7796
product62,20221118,0,0,0,,1,20221121,20221117,1,0,0,0,7797
product62,20221121,0,0,0,,1,20221122,20221118,0,0,0,0,7798
product62,20221122,0,0,0,,1,20221123,20221121,0,0,0,0,7799
product62,20221123,0,0,0,,1,20221124,20221122,0,0,0,0,7800
product63,20221110,0,0,0,,1,20221111,20221109,0,0,0,0,7791
product63,20221111,0,0,0,,1,20221114,20221110,1,0,0,0,7792
product63,20221114,0,0,0,,1,20221115,20221111,0,0,0,0,7793
product63,20221115,0,0,0,,1,20221116,20221114,0,0,0,0,7794
product63,20221116,0,0,0,,1,20221117,20221115,0,0,0,0,7795
product63,20221117,0,0,0,,1,20221118,20221116,0,0,0,0,7796
product63,20221118,0,0,0,,1,20221121,20221117,1,0,0,0,7797
product63,20221121,0,0,0,,1,20221122,20221118,0,0,0,0,7798
product63,20221122,0,0,0,,1,20221123,20221121,0,0,0,0,7799
product63,20221123,0,0,0,,1,20221124,20221122,0,0,0,0,7800
product64,20221110,0,0,0,,1,20221111,20221109,0,0,0,0,7791
product64,20221111,0,0,0,,1,20221114,20221110,1,0,0,0,7792
product64,20221114,0,0,0,,1,20221115,20221111,0,0,0,0,7793
product64,20221115,0,0,0,,1,20221116,20221114,0,0,0,0,7794
product64,20221116,0,0,0,,1,20221117,20221115,0,0,0,0,7795
product64,20221117,0,0,0,,1,20221118,20221116,0,0,0,0,7796
product64,20221118,0,0,0,,1,20221121,20221117,1,0,0,0,7797
product64,20221121,0,0,0,,1,20221122,20221118,0,0,0,0,7798
product64,20221122,0,0,0,,1,20221123,20221121,0,0,0,0,7799
product64,20221123,0,0,0,,1,20221124,20221122,0,0,0,0,7800
product65,20221110,0,0,0,,1,20221111,20221109,0,0,0,0,7791
product65,20221111,0,0,0,,1,20221114,20221110,1,0,0,0,7792
product65,20221114,0,0,0,,1,20221115,20221111,0,0,0,0,7793
product65,20221115,0,0,0,,1,20221116,20221114,0,0,0,0,7794
product65,20221116,0,0,0,,1,20221117,20221115,0,0,0,0,7795
product65,20221117,0,0,0,,1,20221118,20221116,0,0,0,0,7796
product65,20221118,0,0,0,,1,20221121,20221117,1,0,0,0,7797
product65,20221121,0,0,0,,1,20221122,20221118,0,0,0,0,7798
product65,20221122,0,0,0,,1,20221123,20221121,0,0,0,0,7799
product65,20221123,0,0,0,,1,20221124,20221122,0,0,0,0,7800
product66,20221110,0,0,0,,1,20221111,20221109,0,0,0,0,7791
product66,20221111,0,0,0,,1,20221114,20221110,1,0,0,0,7792
product66,20221114,0,0,0,,1,20221115,20221111,0,0,0,0,7793
product66,20221115,0,0,0,,1,20221116,20221114,0,0,0,0,7794
product66,20221116,0,0,0,,1,20221117,20221115,0,0,0,0,7795
product66,20221117,0,0,0,,1,20221118,20221116,0,0,0,0,7796
product66,20221118,0,0,0,,1,20221121,20221117,1,0,0,0,7797
product66,20221121,0,0,0,,1,20221122,20221118,0,0,0,0,7798
product66,20221122,0,0,0,,1,20221123,20221121,0,0,0,0,7799
product66,20221123,0,0,0,,1,20221124,20221122,0,0,0,0,7800
product67,20221110,0,0,0,,1,20221111,20221109,0,0,0,0,7791
product67,20221111,0,0,0,,1,20221114,20221110,1,0,0,0,7792
product67,20221114,0,0,0,,1,20221115,20221111,0,0,0,0,7793
product67,20221115,0,0,0,,1,20221116,20221114,0,0,0,0,7794
product67,20221116,0,0,0,,1,20221117,20221115,0,0,0,0,7795
product67,20221117,0,0,0,,1,20221118,20221116,0,0,0,0,7796
product67,20221118,0,0,0,,1,20221121,20221117,1,0,0,0,7797
product67,20221121,0,0,0,,1,20221122,20221118,0,0,0,0,7798
product67,20221122,0,0,0,,1,20221123,20221121,0,0,0,0,7799
product67,20221123,0,0,0,,1,20221124,20221122,0,0,0,0,7800
product68,20221110,0,0,0,,1,20221111,20221109,0,0,0,0,7791
product68,20221111,0,0,0,,1,20221114,20221110,1,0,0,0,7792
product68,20221114,0,0,0,,1,20221115,20221111,0,0,0,0,7793
product68,20221115,0,0,0,,1,20221116,20221114,0,0,0,0,7794
product68,20221116,0,0,0,,1,20221117,20221115,0,0,0,0,7795
product68,20221117,0,0,0,,1,20221118,20221116,0,0,0,0,7796
product68,20221118,0,0,0,,1,20221121,20221117,1,0,0,0,7797
product68,20221121,0,0,0,,1,20221122,20221118,0,0,0,0,7798
product68,20221122,0,0,0,,1,20221123,20221121,0,0,0,0,7799
product68,20221123,0,0,0,,1,20221124,20221122,0,0,0,0,7800
product70,20221110,0,0,0,,1,20221111,20221109,0,0,0,0,7791
product70,20221111,0,0,0,,1,20221114,20221110,1,0,0,0,7792
product70,20221114,0,0,0,,1,20221115,20221111,0,0,0,0,7793
product70,20221115,0,0,0,,1,20221116,20221114,0,0,0,0,7794
product70,20221116,0,0,0,,1,20221117,20221115,0,0,0,0,7795
product70,20221117,0,0,0,,1,20221118,20221116,0,0,0,0,7796
product70,20221118,0,0,0,,1,20221121,20221117,1,0,0,0,7797
product70,20221121,0,0,0,,1,20221122,20221118,0,0,0,0,7798
product70,20221122,0,0,0,,1,20221123,20221121,0,0,0,0,7799
product70,20221123,0,0,0,,1,20221124,20221122,0,0,0,0,7800
product71,20221110,0,0,0,,1,20221111,20221109,0,0,0,0,7791
product71,20221111,0,0,0,,1,20221114,20221110,1,0,0,0,7792
product71,20221114,0,0,0,,1,20221115,20221111,0,0,0,0,7793
product71,20221115,0,0,0,,1,20221116,20221114,0,0,0,0,7794
product71,20221116,0,0,0,,1,20221117,20221115,0,0,0,0,7795
product71,20221117,0,0,0,,1,20221118,20221116,0,0,0,0,7796
product71,20221118,0,0,0,,1,20221121,20221117,1,0,0,0,7797
product71,20221121,0,0,0,,1,20221122,20221118,0,0,0,0,7798
product71,20221122,0,0,0,,1,20221123,20221121,0,0,0,0,7799
product71,20221123,0,0,0,,1,20221124,20221122,0,0,0,0,7800
product72,20221110,0,0,0,,1,20221111,20221109,0,0,0,0,7791
product72,20221111,0,0,0,,1,20221114,20221110,1,0,0,0,7792
product72,20221114,0,0,0,,1,20221115,20221111,0,0,0,0,7793
product72,20221115,0,0,0,,1,20221116,20221114,0,0,0,0,7794
product72,20221116,0,0,0,,1,20221117,20221115,0,0,0,0,7795
product72,20221117,0,0,0,,1,20221118,20221116,0,0,0,0,7796
product72,20221118,0,0,0,,1,20221121,20221117,1,0,0,0,7797
product72,20221121,0,0,0,,1,20221122,20221118,0,0,0,0,7798
product72,20221122,0,0,0,,1,20221123,20221121,0,0,0,0,7799
product72,20221123,0,0,0,,1,20221124,20221122,0,0,0,0,7800
product73,20221110,0,0,0,,1,20221111,20221109,0,0,0,0,7791
product73,20221111,0,0,0,,1,20221114,20221110,1,0,0,0,7792
product73,20221114,0,0,0,,1,20221115,20221111,0,0,0,0,7793
product73,20221115,0,0,0,,1,20221116,20221114,0,0,0,0,7794
product73,20221116,0,0,0,,1,20221117,20221115,0,0,0,0,7795
product73,20221117,0,0,0,,1,20221118,20221116,0,0,0,0,7796
product73,20221118,0,0,0,,1,20221121,20221117,1,0,0,0,7797
product73,20221121,0,0,0,,1,20221122,20221118,0,0,0,0,7798
product73,20221122,0,0,0,,1,20221123,20221121,0,0,0,0,7799
product73,20221123,0,0,0,,1,20221124,20221122,0,0,0,0,7800
product75,20221110,0,0,0,,1,20221111,20221109,0,0,0,0,7791
product75,20221111,0,0,0,,1,20221114,20221110,1,0,0,0,7792
product75,20221114,0,0,0,,1,20221115,20221111,0,0,0,0,7793
product75,20221115,0,0,0,,1,20221116,20221114,0,0,0,0,7794
product75,20221116,0,0,0,,1,20221117,20221115,0,0,0,0,7795
product75,20221117,0,0,0,,1,20221118,20221116,0,0,0,0,7796
product75,20221118,0,0,0,,1,20221121,20221117,1,0,0,0,7797
product75,20221121,0,0,0,,1,20221122,20221118,0,0,0,0,7798
product75,20221122,0,0,0,,1,20221123,20221121,0,0,0,0,7799
product75,20221123,0,0,0,,1,20221124,20221122,0,0,0,0,7800
product76,20221110,0,0,0,,1,20221111,20221109,0,0,0,0,7791
product76,20221111,0,0,0,,1,20221114,20221110,1,0,0,0,7792
product76,20221114,0,0,0,,1,20221115,20221111,0,0,0,0,7793
product76,20221115,0,0,0,,1,20221116,20221114,0,0,0,0,7794
product76,20221116,0,0,0,,1,20221117,20221115,0,0,0,0,7795
product76,20221117,0,0,0,,1,20221118,20221116,0,0,0,0,7796
product76,20221118,0,0,0,,1,20221121,20221117,1,0,0,0,7797
product76,20221121,0,0,0,,1,20221122,20221118,0,0,0,0,7798
product76,20221122,0,0,0,,1,20221123,20221121,0,0,0,0,7799
product76,20221123,0,0,0,,1,20221124,20221122,0,0,0,0,7800
product78,20221110,0,0,0,,1,20221111,20221109,0,0,0,0,7791
product78,20221111,0,0,0,,1,20221114,20221110,1,0,0,0,7792
product78,20221114,0,0,0,,1,20221115,20221111,0,0,0,0,7793
product78,20221115,0,0,0,,1,20221116,20221114,0,0,0,0,7794
product78,20221116,0,0,0,,1,20221117,20221115,0,0,0,0,7795
product78,20221117,0,0,0,,1,20221118,20221116,0,0,0,0,7796
product78,20221118,0,0,0,,1,20221121,20221117,1,0,0,0,7797
product78,20221121,0,0,0,,1,20221122,20221118,0,0,0,0,7798
product78,20221122,0,0,0,,1,20221123,20221121,0,0,0,0,7799
product78,20221123,0,0,0,,1,20221124,20221122,0,0,0,0,7800
product79,20221110,0,0,0,,1,20221111,20221109,0,0,0,0,7791
product79,20221111,0,0,0,,1,20221114,20221110,1,0,0,0,7792
product79,20221114,0,0,0,,1,20221115,20221111,0,0,0,0,7793
product79,20221115,0,0,0,,1,20221116,20221114,0,0,0,0,7794
product79,20221116,0,0,0,,1,20221117,20221115,0,0,0,0,7795
product79,20221117,0,0,0,,1,20221118,20221116,0,0,0,0,7796
product79,20221118,0,0,0,,1,20221121,20221117,1,0,0,0,7797
product79,20221121,0,0,0,,1,20221122,20221118,0,0,0,0,7798
product79,20221122,0,0,0,,1,20221123,20221121,0,0,0,0,7799
product79,20221123,0,0,0,,1,20221124,20221122,0,0,0,0,7800
product8,20221110,0,0,0,,1,20221111,20221109,0,0,0,0,7791
product8,20221111,0,0,0,,1,20221114,20221110,1,0,0,0,7792
product8,20221114,0,0,0,,1,20221115,20221111,0,0,0,0,7793
product8,20221115,0,0,0,,1,20221116,20221114,0,0,0,0,7794
product8,20221116,0,0,0,,1,20221117,20221115,0,0,0,0,7795
product8,20221117,0,0,0,,1,20221118,20221116,0,0,0,0,7796
product8,20221118,0,0,0,,1,20221121,20221117,1,0,0,0,7797
product8,20221121,0,0,0,,1,20221122,20221118,0,0,0,0,7798
product8,20221122,0,0,0,,1,20221123,20221121,0,0,0,0,7799
product8,20221123,0,0,0,,1,20221124,20221122,0,0,0,0,7800
product80,20221110,0,0,0,,1,20221111,20221109,0,0,0,0,7791
product80,20221111,0,0,0,,1,20221114,20221110,1,0,0,0,7792
product80,20221114,0,0,0,,1,20221115,20221111,0,0,0,0,7793
product80,20221115,0,0,0,,1,20221116,20221114,0,0,0,0,7794
product80,20221116,0,0,0,,1,20221117,20221115,0,0,0,0,7795
product80,20221117,0,0,0,,1,20221118,20221116,0,0,0,0,7796
product80,20221118,0,0,0,,1,20221121,20221117,1,0,0,0,7797
product80,20221121,0,0,0,,1,20221122,20221118,0,0,0,0,7798
product80,20221122,0,0,0,,1,20221123,20221121,0,0,0,0,7799
product80,20221123,0,0,0,,1,20221124,20221122,0,0,0,0,7800
product81,20221110,0,0,0,,1,20221111,20221109,0,0,0,0,7791
product81,20221111,0,0,0,,1,20221114,20221110,1,0,0,0,7792
product81,20221114,0,0,0,,1,20221115,20221111,0,0,0,0,7793
product81,20221115,0,0,0,,1,20221116,20221114,0,0,0,0,7794
product81,20221116,0,0,0,,1,20221117,20221115,0,0,0,0,7795
product81,20221117,0,0,0,,1,20221118,20221116,0,0,0,0,7796
product81,20221118,0,0,0,,1,20221121,20221117,1,0,0,0,7797
product81,20221121,0,0,0,,1,20221122,20221118,0,0,0,0,7798
product81,20221122,0,0,0,,1,20221123,20221121,0,0,0,0,7799
product81,20221123,0,0,0,,1,20221124,20221122,0,0,0,0,7800
product82,20221110,0,0,0,,1,20221111,20221109,0,0,0,0,7791
product82,20221111,0,0,0,,1,20221114,20221110,1,0,0,0,7792
product82,20221114,0,0,0,,1,20221115,20221111,0,0,0,0,7793
product82,20221115,0,0,0,,1,20221116,20221114,0,0,0,0,7794
product82,20221116,0,0,0,,1,20221117,20221115,0,0,0,0,7795
product82,20221117,0,0,0,,1,20221118,20221116,0,0,0,0,7796
product82,20221118,0,0,0,,1,20221121,20221117,1,0,0,0,7797
product82,20221121,0,0,0,,1,20221122,20221118,0,0,0,0,7798
product82,20221122,0,0,0,,1,20221123,20221121,0,0,0,0,7799
product82,20221123,0,0,0,,1,20221124,20221122,0,0,0,0,7800
product83,20221110,0,0,0,,1,20221111,20221109,0,0,0,0,7791
product83,20221111,0,0,0,,1,20221114,20221110,1,0,0,0,7792
product83,20221114,0,0,0,,1,20221115,20221111,0,0,0,0,7793
product83,20221115,0,0,0,,1,20221116,20221114,0,0,0,0,7794
product83,20221116,0,0,0,,1,20221117,20221115,0,0,0,0,7795
product83,20221117,0,0,0,,1,20221118,20221116,0,0,0,0,7796
product83,20221118,0,0,0,,1,20221121,20221117,1,0,0,0,7797
product83,20221121,0,0,0,,1,20221122,20221118,0,0,0,0,7798
product83,20221122,0,0,0,,1,20221123,20221121,0,0,0,0,7799
product83,20221123,0,0,0,,1,20221124,20221122,0,0,0,0,7800
product84,20221110,0,0,0,,1,20221111,20221109,0,0,0,0,7791
product84,20221111,0,0,0,,1,20221114,20221110,1,0,0,0,7792
product84,20221114,0,0,0,,1,20221115,20221111,0,0,0,0,7793
product84,20221115,0,0,0,,1,20221116,20221114,0,0,0,0,7794
product84,20221116,0,0,0,,1,20221117,20221115,0,0,0,0,7795
product84,20221117,0,0,0,,1,20221118,20221116,0,0,0,0,7796
product84,20221118,0,0,0,,1,20221121,20221117,1,0,0,0,7797
product84,20221121,0,0,0,,1,20221122,20221118,0,0,0,0,7798
product84,20221122,0,0,0,,1,20221123,20221121,0,0,0,0,7799
product84,20221123,0,0,0,,1,20221124,20221122,0,0,0,0,7800
product85,20221110,0,0,0,,1,20221111,20221109,0,0,0,0,7791
product85,20221111,0,0,0,,1,20221114,20221110,1,0,0,0,7792
product85,20221114,0,0,0,,1,20221115,20221111,0,0,0,0,7793
product85,20221115,0,0,0,,1,20221116,20221114,0,0,0,0,7794
product85,20221116,0,0,0,,1,20221117,20221115,0,0,0,0,7795
product85,20221117,0,0,0,,1,20221118,20221116,0,0,0,0,7796
product85,20221118,0,0,0,,1,20221121,20221117,1,0,0,0,7797
product85,20221121,0,0,0,,1,20221122,20221118,0,0,0,0,7798
product85,20221122,0,0,0,,1,20221123,20221121,0,0,0,0,7799
product85,20221123,0,0,0,,1,20221124,20221122,0,0,0,0,7800
product86,20221110,0,0,0,,1,20221111,20221109,0,0,0,0,7791
product86,20221111,0,0,0,,1,20221114,20221110,1,0,0,0,7792
product86,20221114,0,0,0,,1,20221115,20221111,0,0,0,0,7793
product86,20221115,0,0,0,,1,20221116,20221114,0,0,0,0,7794
product86,20221116,0,0,0,,1,20221117,20221115,0,0,0,0,7795
product86,20221117,0,0,0,,1,20221118,20221116,0,0,0,0,7796
product86,20221118,0,0,0,,1,20221121,20221117,1,0,0,0,7797
product86,20221121,0,0,0,,1,20221122,20221118,0,0,0,0,7798
product86,20221122,0,0,0,,1,20221123,20221121,0,0,0,0,7799
product86,20221123,0,0,0,,1,20221124,20221122,0,0,0,0,7800
product87,20221110,0,0,0,,1,20221111,20221109,0,0,0,0,7791
product87,20221111,0,0,0,,1,20221114,20221110,1,0,0,0,7792
product87,20221114,0,0,0,,1,20221115,20221111,0,0,0,0,7793
product87,20221115,0,0,0,,1,20221116,20221114,0,0,0,0,7794
product87,20221116,0,0,0,,1,20221117,20221115,0,0,0,0,7795
product87,20221117,0,0,0,,1,20221118,20221116,0,0,0,0,7796
product87,20221118,0,0,0,,1,20221121,20221117,1,0,0,0,7797
product87,20221121,0,0,0,,1,20221122,20221118,0,0,0,0,7798
product87,20221122,0,0,0,,1,20221123,20221121,0,0,0,0,7799
product87,20221123,0,0,0,,1,20221124,20221122,0,0,0,0,7800
product88,20221110,0,0,0,,1,20221111,20221109,0,0,0,0,7791
product88,20221111,0,0,0,,1,20221114,20221110,1,0,0,0,7792
product88,20221114,0,0,0,,1,20221115,20221111,0,0,0,0,7793
product88,20221115,0,0,0,,1,20221116,20221114,0,0,0,0,7794
product88,20221116,0,0,0,,1,20221117,20221115,0,0,0,0,7795
product88,20221117,0,0,0,,1,20221118,20221116,0,0,0,0,7796
product88,20221118,0,0,0,,1,20221121,20221117,1,0,0,0,7797
product88,20221121,0,0,0,,1,20221122,20221118,0,0,0,0,7798
product88,20221122,0,0,0,,1,20221123,20221121,0,0,0,0,7799
product88,20221123,0,0,0,,1,20221124,20221122,0,0,0,0,7800
product89,20221110,0,0,0,,1,20221111,20221109,0,0,0,0,7791
product89,20221111,0,0,0,,1,20221114,20221110,1,0,0,0,7792
product89,20221114,0,0,0,,1,20221115,20221111,0,0,0,0,7793
product89,20221115,0,0,0,,1,20221116,20221114,0,0,0,0,7794
product89,20221116,0,0,0,,1,20221117,20221115,0,0,0,0,7795
product89,20221117,0,0,0,,1,20221118,20221116,0,0,0,0,7796
product89,20221118,0,0,0,,1,20221121,20221117,1,0,0,0,7797
product89,20221121,0,0,0,,1,20221122,20221118,0,0,0,0,7798
product89,20221122,0,0,0,,1,20221123,20221121,0,0,0,0,7799
product89,20221123,0,0,0,,1,20221124,20221122,0,0,0,0,7800
product9,20221110,0,0,0,,1,20221111,20221109,0,0,0,0,7791
product9,20221111,0,0,0,,1,20221114,20221110,1,0,0,0,7792
product9,20221114,0,0,0,,1,20221115,20221111,0,0,0,0,7793
product9,20221115,0,0,0,,1,20221116,20221114,0,0,0,0,7794
product9,20221116,0,0,0,,1,20221117,20221115,0,0,0,0,7795
product9,20221117,0,0,0,,1,20221118,20221116,0,0,0,0,7796
product9,20221118,0,0,0,,1,20221121,20221117,1,0,0,0,7797
product9,20221121,0,0,0,,1,20221122,20221118,0,0,0,0,7798
product9,20221122,0,0,0,,1,20221123,20221121,0,0,0,0,7799
product9,20221123,0,0,0,,1,20221124,20221122,0,0,0,0,7800
product90,20221110,0,0,0,,1,20221111,20221109,0,0,0,0,7791
product90,20221111,0,0,0,,1,20221114,20221110,1,0,0,0,7792
product90,20221114,0,0,0,,1,20221115,20221111,0,0,0,0,7793
product90,20221115,0,0,0,,1,20221116,20221114,0,0,0,0,7794
product90,20221116,0,0,0,,1,20221117,20221115,0,0,0,0,7795
product90,20221117,0,0,0,,1,20221118,20221116,0,0,0,0,7796
product90,20221118,0,0,0,,1,20221121,20221117,1,0,0,0,7797
product90,20221121,0,0,0,,1,20221122,20221118,0,0,0,0,7798
product90,20221122,0,0,0,,1,20221123,20221121,0,0,0,0,7799
product90,20221123,0,0,0,,1,20221124,20221122,0,0,0,0,7800
product91,20221110,0,0,0,,1,20221111,20221109,0,0,0,0,7791
product91,20221111,0,0,0,,1,20221114,20221110,1,0,0,0,7792
product91,20221114,0,0,0,,1,20221115,20221111,0,0,0,0,7793
product91,20221115,0,0,0,,1,20221116,20221114,0,0,0,0,7794
product91,20221116,0,0,0,,1,20221117,20221115,0,0,0,0,7795
product91,20221117,0,0,0,,1,20221118,20221116,0,0,0,0,7796
product91,20221118,0,0,0,,1,20221121,20221117,1,0,0,0,7797
product91,20221121,0,0,0,,1,20221122,20221118,0,0,0,0,7798
product91,20221122,0,0,0,,1,20221123,20221121,0,0,0,0,7799
product91,20221123,0,0,0,,1,20221124,20221122,0,0,0,0,7800
product92,20221110,0,0,0,,1,20221111,20221109,0,0,0,0,7791
product92,20221111,0,0,0,,1,20221114,20221110,1,0,0,0,7792
product92,20221114,0,0,0,,1,20221115,20221111,0,0,0,0,7793
product92,20221115,0,0,0,,1,20221116,20221114,0,0,0,0,7794
product92,20221116,0,0,0,,1,20221117,20221115,0,0,0,0,7795
product92,20221117,0,0,0,,1,20221118,20221116,0,0,0,0,7796
product92,20221118,0,0,0,,1,20221121,20221117,1,0,0,0,7797
product92,20221121,0,0,0,,1,20221122,20221118,0,0,0,0,7798
product92,20221122,0,0,0,,1,20221123,20221121,0,0,0,0,7799
product92,20221123,0,0,0,,1,20221124,20221122,0,0,0,0,7800
product93,20221110,0,0,0,,1,20221111,20221109,0,0,0,0,7791
product93,20221111,0,0,0,,1,20221114,20221110,1,0,0,0,7792
product93,20221114,0,0,0,,1,20221115,20221111,0,0,0,0,7793
product93,20221115,0,0,0,,1,20221116,20221114,0,0,0,0,7794
product93,20221116,0,0,0,,1,20221117,20221115,0,0,0,0,7795
product93,20221117,0,0,0,,1,20221118,20221116,0,0,0,0,7796
product93,20221118,0,0,0,,1,20221121,20221117,1,0,0,0,7797
product93,20221121,0,0,0,,1,20221122,20221118,0,0,0,0,7798
product93,20221122,0,0,0,,1,20221123,20221121,0,0,0,0,7799
product93,20221123,0,0,0,,1,20221124,20221122,0,0,0,0,7800
product94,20221110,0,0,0,,1,20221111,20221109,0,0,0,0,7791
product94,20221111,0,0,0,,1,20221114,20221110,1,0,0,0,7792
product94,20221114,0,0,0,,1,20221115,20221111,0,0,0,0,7793
product94,20221115,0,0,0,,1,20221116,20221114,0,0,0,0,7794
product94,20221116,0,0,0,,1,20221117,20221115,0,0,0,0,7795
product94,20221117,0,0,0,,1,20221118,20221116,0,0,0,0,7796
product94,20221118,0,0,0,,1,20221121,20221117,1,0,0,0,7797
product94,20221121,0,0,0,,1,20221122,20221118,0,0,0,0,7798
product94,20221122,0,0,0,,1,20221123,20221121,0,0,0,0,7799
product94,20221123,0,0,0,,1,20221124,20221122,0,0,0,0,7800
product95,20221110,0,0,0,,1,20221111,20221109,0,0,0,0,7791
product95,20221111,0,0,0,,1,20221114,20221110,1,0,0,0,7792
product95,20221114,0,0,0,,1,20221115,20221111,0,0,0,0,7793
product95,20221115,0,0,0,,1,20221116,20221114,0,0,0,0,7794
product95,20221116,0,0,0,,1,20221117,20221115,0,0,0,0,7795
product95,20221117,0,0,0,,1,20221118,20221116,0,0,0,0,7796
product95,20221118,0,0,0,,1,20221121,20221117,1,0,0,0,7797
product95,20221121,0,0,0,,1,20221122,20221118,0,0,0,0,7798
product95,20221122,0,0,0,,1,20221123,20221121,0,0,0,0,7799
product95,20221123,0,0,0,,1,20221124,20221122,0,0,0,0,7800
product96,20221110,0,0,0,,1,20221111,20221109,0,0,0,0,7791
product96,20221111,0,0,0,,1,20221114,20221110,1,0,0,0,7792
product96,20221114,0,0,0,,1,20221115,20221111,0,0,0,0,7793
product96,20221115,0,0,0,,1,20221116,20221114,0,0,0,0,7794
product96,20221116,0,0,0,,1,20221117,20221115,0,0,0,0,7795
product96,20221117,0,0,0,,1,20221118,20221116,0,0,0,0,7796
product96,20221118,0,0,0,,1,20221121,20221117,1,0,0,0,7797
product96,20221121,0,0,0,,1,20221122,20221118,0,0,0,0,7798
product96,20221122,0,0,0,,1,20221123,20221121,0,0,0,0,7799
product96,20221123,0,0,0,,1,20221124,20221122,0,0,0,0,7800
product97,20221110,0,0,0,,1,20221111,20221109,0,0,0,0,7791
product97,20221111,0,0,0,,1,20221114,20221110,1,0,0,0,7792
product97,20221114,0,0,0,,1,20221115,20221111,0,0,0,0,7793
product97,20221115,0,0,0,,1,20221116,20221114,0,0,0,0,7794
product97,20221116,0,0,0,,1,20221117,20221115,0,0,0,0,7795
product97,20221117,0,0,0,,1,20221118,20221116,0,0,0,0,7796
product97,20221118,0,0,0,,1,20221121,20221117,1,0,0,0,7797
product97,20221121,0,0,0,,1,20221122,20221118,0,0,0,0,7798
product97,20221122,0,0,0,,1,20221123,20221121,0,0,0,0,7799
product97,20221123,0,0,0,,1,20221124,20221122,0,0,0,0,7800
product98,20221110,0,0,0,,1,20221111,20221109,0,0,0,0,7791
product98,20221111,0,0,0,,1,20221114,20221110,1,0,0,0,7792
product98,20221114,0,0,0,,1,20221115,20221111,0,0,0,0,7793
product98,20221115,0,0,0,,1,20221116,20221114,0,0,0,0,7794
product98,20221116,0,0,0,,1,20221117,20221115,0,0,0,0,7795
product98,20221117,0,0,0,,1,20221118,20221116,0,0,0,0,7796
product98,20221118,0,0,0,,1,20221121,20221117,1,0,0,0,7797
product98,20221121,0,0,0,,1,20221122,20221118,0,0,0,0,7798
product98,20221122,0,0,0,,1,20221123,20221121,0,0,0,0,7799
product98,20221123,0,0,0,,1,20221124,20221122,0,0,0,0,7800
product99,20221110,0,0,0,,1,20221111,20221109,0,0,0,0,7791
product99,20221111,0,0,0,,1,20221114,20221110,1,0,0,0,7792
product99,20221114,0,0,0,,1,20221115,20221111,0,0,0,0,7793
product99,20221115,0,0,0,,1,20221116,20221114,0,0,0,0,7794
product99,20221116,0,0,0,,1,20221117,20221115,0,0,0,0,7795
product99,20221117,0,0,0,,1,20221118,20221116,0,0,0,0,7796
product99,20221118,0,0,0,,1,20221121,20221117,1,0,0,0,7797
product99,20221121,0,0,0,,1,20221122,20221118,0,0,0,0,7798
product99,20221122,0,0,0,,1,20221123,20221121,0,0,0,0,7799
product99,20221123,0,0,0,,1,20221124,20221122,0,0,0,0,7800
